id;name;inc;dummy1;dummy2;dummy3;dummy4;dummy5;dummy6;dummy7;dummy8;dummy9
10020;Abbeville, LA Micropolitan Statistical Area;29500;0;0;0;0;0;1;0;0;0
10100;Aberdeen, SD Micropolitan Statistical Area;34708.668;0;0;1;0;0;0;0;0;0
10140;Aberdeen, WA Micropolitan Statistical Area;34160;0;0;0;0;0;0;0;1;0
10220;Ada, OK Micropolitan Statistical Area;26955;0;0;0;0;0;1;0;0;1
10300;Adrian, MI Micropolitan Statistical Area;45739;0;1;0;0;0;0;0;0;0
10460;Alamogordo, NM Micropolitan Statistical Area;30861;0;0;0;0;0;0;1;0;0
10540;Albany-Lebanon, OR Micropolitan Statistical Area;37518;0;0;0;0;0;0;0;1;0
10620;Albemarle, NC Micropolitan Statistical Area;36898;0;0;0;1;0;0;0;0;1
10660;Albert Lea, MN Micropolitan Statistical Area;36964;0;0;1;0;0;0;0;0;1
10700;Albertville, AL Micropolitan Statistical Area;32167;0;0;0;0;1;0;0;0;0
10760;Alexander City, AL Micropolitan Statistical Area;30546.775;0;0;0;0;1;0;0;0;0
10820;Alexandria, MN Micropolitan Statistical Area;37703;0;0;1;0;0;0;0;0;1
10860;Alice, TX Micropolitan Statistical Area;28843;0;0;0;0;0;1;0;0;0
10880;Allegan, MI Micropolitan Statistical Area;45813;0;1;0;0;0;0;0;0;0
10940;Alma, MI Micropolitan Statistical Area;37262;0;1;0;0;0;0;0;0;1
10980;Alpena, MI Micropolitan Statistical Area;34177;0;1;0;0;0;0;0;0;1
11060;Altus, OK Micropolitan Statistical Area;30737;0;0;0;0;0;1;0;0;1
11140;Americus, GA Micropolitan Statistical Area;31019.223;0;0;0;1;0;0;0;0;1
11220;Amsterdam, NY Micropolitan Statistical Area;32128;1;0;0;0;0;0;0;0;0
11380;Andrews, TX Micropolitan Statistical Area;34036;0;0;0;0;0;1;0;0;1
11420;Angola, IN Micropolitan Statistical Area;44089;0;1;0;0;0;0;0;0;1
11580;Arcadia, FL Micropolitan Statistical Area;30714;0;0;0;1;0;0;0;0;1
11620;Ardmore, OK Micropolitan Statistical Area;29916.352;0;0;0;0;0;1;0;0;0
11660;Arkadelphia, AR Micropolitan Statistical Area;28845;0;0;0;0;0;1;0;0;0
11740;Ashland, OH Micropolitan Statistical Area;39179;0;1;0;0;0;0;0;0;1
11780;Ashtabula, OH Micropolitan Statistical Area;35607;0;1;0;0;0;0;0;0;0
11820;Astoria, OR Micropolitan Statistical Area;36301;0;0;0;0;0;0;0;1;0
11860;Atchison, KS Micropolitan Statistical Area;34355;0;0;1;0;0;0;0;0;1
11900;Athens, OH Micropolitan Statistical Area;27322;0;1;0;0;0;0;0;0;1
11940;Athens, TN Micropolitan Statistical Area;31919;0;0;0;0;1;0;0;0;1
11980;Athens, TX Micropolitan Statistical Area;32533;0;0;0;0;0;1;0;0;0
12140;Auburn, IN Micropolitan Statistical Area;44909;0;1;0;0;0;0;0;0;1
12180;Auburn, NY Micropolitan Statistical Area;37487;1;0;0;0;0;0;0;0;0
12300;Augusta-Waterville, ME Micropolitan Statistical Area;36498;0;0;0;0;0;0;0;0;0
12380;Austin, MN Micropolitan Statistical Area;36654;0;0;1;0;0;0;0;0;1
12460;Bainbridge, GA Micropolitan Statistical Area;28820;0;0;0;1;0;0;0;0;1
12660;Baraboo, WI Micropolitan Statistical Area;41941;0;1;0;0;0;0;0;0;0
12740;Barre, VT Micropolitan Statistical Area;40972;0;0;0;0;0;0;0;0;0
12780;Bartlesville, OK Micropolitan Statistical Area;35816;0;0;0;0;0;1;0;0;1
12820;Bastrop, LA Micropolitan Statistical Area;25124;0;0;0;0;0;1;0;0;1
12860;Batavia, NY Micropolitan Statistical Area;40542;1;0;0;0;0;0;0;0;1
12900;Batesville, AR Micropolitan Statistical Area;31920;0;0;0;0;0;1;0;0;1
13060;Bay City, TX Micropolitan Statistical Area;32174;0;0;0;0;0;1;0;0;0
13100;Beatrice, NE Micropolitan Statistical Area;34908;0;0;1;0;0;0;0;0;1
13180;Beaver Dam, WI Micropolitan Statistical Area;45190;0;1;0;0;0;0;0;0;0
13220;Beckley, WV Micropolitan Statistical Area;28181;0;0;0;1;0;0;0;0;1
13260;Bedford, IN Micropolitan Statistical Area;36280;0;1;0;0;0;0;0;0;1
13300;Beeville, TX Micropolitan Statistical Area;28392;0;0;0;0;0;1;0;0;1
13340;Bellefontaine, OH Micropolitan Statistical Area;41479;0;1;0;0;0;0;0;0;1
13420;Bemidji, MN Micropolitan Statistical Area;33392;0;0;1;0;0;0;0;0;0
13500;Bennettsville, SC Micropolitan Statistical Area;26598;0;0;0;1;0;0;0;0;1
13540;Bennington, VT Micropolitan Statistical Area;39926;0;0;0;0;0;0;0;0;0
13620;Berlin, NH-VT Micropolitan Statistical Area;33086.5;0;0;0;0;0;0;0;0;0
13660;Big Rapids, MI Micropolitan Statistical Area;33849;0;1;0;0;0;0;0;0;0
13700;Big Spring, TX Micropolitan Statistical Area;30805;0;0;0;0;0;1;0;0;1
13860;Bishop, CA Micropolitan Statistical Area;35006;0;0;0;0;0;0;0;1;0
13940;Blackfoot, ID Micropolitan Statistical Area;36423;0;0;0;0;0;0;1;0;0
14100;Bloomsburg-Berwick, PA Micropolitan Statistical Area;34975.176;1;0;0;0;0;0;0;0;1
14140;Bluefield, WV-VA Micropolitan Statistical Area;26908.246;0;0;0;1;0;0;0;0;0
14180;Blytheville, AR Micropolitan Statistical Area;27479;0;0;0;0;0;1;0;0;0
14220;Bogalusa, LA Micropolitan Statistical Area;24264;0;0;0;0;0;1;0;0;0
14300;Bonham, TX Micropolitan Statistical Area;34501;0;0;0;0;0;1;0;0;0
14340;Boone, IA Micropolitan Statistical Area;40763;0;0;1;0;0;0;0;0;1
14380;Boone, NC Micropolitan Statistical Area;32611;0;0;0;1;0;0;0;0;1
14420;Borger, TX Micropolitan Statistical Area;36588;0;0;0;0;0;1;0;0;1
14580;Bozeman, MT Micropolitan Statistical Area;38120;0;0;0;0;0;0;1;0;0
14620;Bradford, PA Micropolitan Statistical Area;33040;1;0;0;0;0;0;0;0;0
14660;Brainerd, MN Micropolitan Statistical Area;36513.879;0;0;1;0;0;0;0;0;0
14700;Branson, MO Micropolitan Statistical Area;31627.016;0;0;1;0;0;0;0;0;0
14780;Brenham, TX Micropolitan Statistical Area;36760;0;0;0;0;0;1;0;0;1
14820;Brevard, NC Micropolitan Statistical Area;38587;0;0;0;1;0;0;0;0;1
14940;Brigham City, UT Micropolitan Statistical Area;44630;0;0;0;0;0;0;1;0;0
15020;Brookhaven, MS Micropolitan Statistical Area;27279;0;0;0;0;1;0;0;0;1
15060;Brookings, OR Micropolitan Statistical Area;30117;0;0;0;0;0;0;0;1;0
15100;Brookings, SD Micropolitan Statistical Area;35438;0;0;1;0;0;0;0;0;1
15140;Brownsville, TN Micropolitan Statistical Area;27671;0;0;0;0;1;0;0;0;1
15220;Brownwood, TX Micropolitan Statistical Area;30974;0;0;0;0;0;1;0;0;1
15340;Bucyrus, OH Micropolitan Statistical Area;36227;0;1;0;0;0;0;0;0;1
15420;Burley, ID Micropolitan Statistical Area;32690.926;0;0;0;0;0;0;1;0;0
15460;Burlington, IA-IL Micropolitan Statistical Area;36727.465;0;1;0;0;0;0;0;0;1
15580;Butte-Silver Bow, MT Micropolitan Statistical Area;30402;0;0;0;0;0;0;1;0;1
15620;Cadillac, MI Micropolitan Statistical Area;35318.242;0;1;0;0;0;0;0;0;0
15660;Calhoun, GA Micropolitan Statistical Area;38831;0;0;0;1;0;0;0;0;1
15700;Cambridge, MD Micropolitan Statistical Area;34077;0;0;0;1;0;0;0;0;1
15740;Cambridge, OH Micropolitan Statistical Area;30110;0;1;0;0;0;0;0;0;1
15780;Camden, AR Micropolitan Statistical Area;29190.805;0;0;0;0;0;1;0;0;0
15820;Campbellsville, KY Micropolitan Statistical Area;28089;0;0;0;0;1;0;0;0;1
15860;Caü¾Œ–˜¼on City, CO Micropolitan Statistical Area;34150;0;0;0;0;0;0;1;0;1
15900;Canton, IL Micropolitan Statistical Area;33952;0;1;0;0;0;0;0;0;0
16060;Carbondale, IL Micropolitan Statistical Area;24946;0;1;0;0;0;0;0;0;1
16100;Carlsbad-Artesia, NM Micropolitan Statistical Area;31998;0;0;0;0;0;0;1;0;0
16260;Cedar City, UT Micropolitan Statistical Area;33114;0;0;0;0;0;0;1;0;0
16340;Cedartown, GA Micropolitan Statistical Area;32328;0;0;0;1;0;0;0;0;1
16380;Celina, OH Micropolitan Statistical Area;42742;0;1;0;0;0;0;0;0;1
16420;Central City, KY Micropolitan Statistical Area;28566;0;0;0;0;1;0;0;0;1
16460;Centralia, IL Micropolitan Statistical Area;35227;0;1;0;0;0;0;0;0;1
16500;Centralia, WA Micropolitan Statistical Area;35511;0;0;0;0;0;0;0;1;0
16540;Chambersburg, PA Micropolitan Statistical Area;40476;1;0;0;0;0;0;0;0;0
16660;Charleston-Mattoon, IL Micropolitan Statistical Area;32960.492;0;1;0;0;0;0;0;0;1
16900;Chester, SC Micropolitan Statistical Area;32425;0;0;0;1;0;0;0;0;0
17060;Chillicothe, OH Micropolitan Statistical Area;37117;0;1;0;0;0;0;0;0;1
17200;Claremont, NH Micropolitan Statistical Area;40938;0;0;0;0;0;0;0;0;0
17220;Clarksburg, WV Micropolitan Statistical Area;29654.957;0;0;0;1;0;0;0;0;0
17260;Clarksdale, MS Micropolitan Statistical Area;22338;0;0;0;0;1;0;0;0;1
17340;Clearlake, CA Micropolitan Statistical Area;29627;0;0;0;0;0;0;0;1;0
17380;Cleveland, MS Micropolitan Statistical Area;23428;0;0;0;0;1;0;0;0;0
17500;Clewiston, FL Micropolitan Statistical Area;33592;0;0;0;1;0;0;0;0;0
17540;Clinton, IA Micropolitan Statistical Area;37423;0;0;1;0;0;0;0;0;0
17580;Clovis, NM Micropolitan Statistical Area;28917;0;0;0;0;0;0;1;0;1
17700;Coffeyville, KS Micropolitan Statistical Area;30997;0;0;1;0;0;0;0;0;1
17740;Coldwater, MI Micropolitan Statistical Area;38760;0;1;0;0;0;0;0;0;1
17940;Columbia, TN Micropolitan Statistical Area;41591;0;0;0;0;1;0;0;0;1
18060;Columbus, MS Micropolitan Statistical Area;32123;0;0;0;0;1;0;0;0;1
18100;Columbus, NE Micropolitan Statistical Area;39359;0;0;1;0;0;0;0;0;1
18180;Concord, NH Micropolitan Statistical Area;48522;0;0;0;0;0;0;0;0;0
18220;Connersville, IN Micropolitan Statistical Area;38840;0;1;0;0;0;0;0;0;1
18260;Cookeville, TN Micropolitan Statistical Area;29534.023;0;0;0;0;1;0;0;0;0
18300;Coos Bay, OR Micropolitan Statistical Area;31542;0;0;0;0;0;0;0;1;0
18340;Corbin, KY Micropolitan Statistical Area;22075;0;0;0;0;1;0;0;0;0
18380;Cordele, GA Micropolitan Statistical Area;26547;0;0;0;1;0;0;0;0;1
18420;Corinth, MS Micropolitan Statistical Area;29041;0;0;0;0;1;0;0;0;1
18460;Cornelia, GA Micropolitan Statistical Area;36321;0;0;0;1;0;0;0;0;1
18500;Corning, NY Micropolitan Statistical Area;35479;1;0;0;0;0;0;0;0;0
18620;Corsicana, TX Micropolitan Statistical Area;31268;0;0;0;0;0;1;0;0;0
18660;Cortland, NY Micropolitan Statistical Area;34364;1;0;0;0;0;0;0;0;1
18740;Coshocton, OH Micropolitan Statistical Area;34701;0;1;0;0;0;0;0;0;1
18820;Crawfordsville, IN Micropolitan Statistical Area;41297;0;1;0;0;0;0;0;0;1
18860;Crescent City, CA Micropolitan Statistical Area;29642;0;0;0;0;0;0;0;1;1
18900;Crossville, TN Micropolitan Statistical Area;30901;0;0;0;0;1;0;0;0;0
18940;Crowley, LA Micropolitan Statistical Area;26684;0;0;0;0;0;1;0;0;0
18980;Cullman, AL Micropolitan Statistical Area;32256;0;0;0;0;1;0;0;0;0
19020;Culpeper, VA Micropolitan Statistical Area;45290;0;0;0;1;0;0;0;0;1
19220;Danville, KY Micropolitan Statistical Area;31260.873;0;0;0;0;1;0;0;0;0
19300;Daphne-Fairhope-Foley, AL Micropolitan Statistical Area;40250;0;0;0;0;1;0;0;0;0
19540;Decatur, IN Micropolitan Statistical Area;40625;0;1;0;0;0;0;0;0;1
19580;Defiance, OH Micropolitan Statistical Area;44938;0;1;0;0;0;0;0;0;1
19620;Del Rio, TX Micropolitan Statistical Area;28376;0;0;0;0;0;1;0;0;1
19700;Deming, NM Micropolitan Statistical Area;20784;0;0;0;0;0;0;1;0;0
19760;DeRidder, LA Micropolitan Statistical Area;32582;0;0;0;0;0;1;0;0;0
19860;Dickinson, ND Micropolitan Statistical Area;32531.322;0;0;1;0;0;0;0;0;1
19900;Dillon, SC Micropolitan Statistical Area;26630;0;0;0;1;0;0;0;0;1
19940;Dixon, IL Micropolitan Statistical Area;40967;0;1;0;0;0;0;0;0;0
19980;Dodge City, KS Micropolitan Statistical Area;37860;0;0;1;0;0;0;0;0;1
20060;Douglas, GA Micropolitan Statistical Area;29993.414;0;0;0;1;0;0;0;0;0
20140;Dublin, GA Micropolitan Statistical Area;30702.467;0;0;0;1;0;0;0;0;0
20180;DuBois, PA Micropolitan Statistical Area;31357;1;0;0;0;0;0;0;0;0
20300;Dumas, TX Micropolitan Statistical Area;34852;0;0;0;0;0;1;0;0;1
20340;Duncan, OK Micropolitan Statistical Area;30709;0;0;0;0;0;1;0;0;1
20380;Dunn, NC Micropolitan Statistical Area;35105;0;0;0;1;0;0;0;0;0
20420;Durango, CO Micropolitan Statistical Area;40159;0;0;0;0;0;0;1;0;0
20460;Durant, OK Micropolitan Statistical Area;27888;0;0;0;0;0;1;0;0;0
20540;Dyersburg, TN Micropolitan Statistical Area;32788;0;0;0;0;1;0;0;0;1
20580;Eagle Pass, TX Micropolitan Statistical Area;21232;0;0;0;0;0;1;0;0;1
20620;East Liverpool-Salem, OH Micropolitan Statistical Area;34226;0;1;0;0;0;0;0;0;0
20660;Easton, MD Micropolitan Statistical Area;43532;0;0;0;1;0;0;0;0;1
20700;East Stroudsburg, PA Micropolitan Statistical Area;46257;1;0;0;0;0;0;0;0;0
20780;Edwards, CO Micropolitan Statistical Area;58735.652;0;0;0;0;0;0;1;0;0
20820;Effingham, IL Micropolitan Statistical Area;39379;0;1;0;0;0;0;0;0;1
20900;El Campo, TX Micropolitan Statistical Area;32208;0;0;0;0;0;1;0;0;0
20980;El Dorado, AR Micropolitan Statistical Area;29809;0;0;0;0;0;1;0;0;0
21020;Elizabeth City, NC Micropolitan Statistical Area;31422.418;0;0;0;1;0;0;0;0;1
21120;Elk City, OK Micropolitan Statistical Area;27402;0;0;0;0;0;1;0;0;0
21220;Elko, NV Micropolitan Statistical Area;48138;0;0;0;0;0;0;1;0;0
21260;Ellensburg, WA Micropolitan Statistical Area;32546;0;0;0;0;0;0;0;1;0
21380;Emporia, KS Micropolitan Statistical Area;32806.324;0;0;1;0;0;0;0;0;1
21420;Enid, OK Micropolitan Statistical Area;33006;0;0;0;0;0;1;0;0;1
21460;Enterprise-Ozark, AL Micropolitan Statistical Area;32781.477;0;0;0;0;1;0;0;0;0
21540;Escanaba, MI Micropolitan Statistical Area;35511;0;1;0;0;0;0;0;0;1
21580;Espanola, NM Micropolitan Statistical Area;29429;0;0;0;0;0;0;1;0;0
21640;Eufaula, AL-GA Micropolitan Statistical Area;25164.563;0;0;0;0;1;0;0;0;0
21700;Eureka-Arcata-Fortuna, CA Micropolitan Statistical Area;31226;0;0;0;0;0;0;0;1;0
21740;Evanston, WY Micropolitan Statistical Area;44544;0;0;0;0;0;0;1;0;0
21860;Fairmont, MN Micropolitan Statistical Area;34810;0;0;1;0;0;0;0;0;1
21900;Fairmont, WV Micropolitan Statistical Area;28626;0;0;0;1;0;0;0;0;1
21980;Fallon, NV Micropolitan Statistical Area;40808;0;0;0;0;0;0;1;0;0
22060;Faribault-Northfield, MN Micropolitan Statistical Area;48651;0;0;1;0;0;0;0;0;1
22100;Farmington, MO Micropolitan Statistical Area;31199;0;0;1;0;0;0;0;0;1
22260;Fergus Falls, MN Micropolitan Statistical Area;35395;0;0;1;0;0;0;0;0;0
22280;Fernley, NV Micropolitan Statistical Area;40699;0;0;0;0;0;0;1;0;0
22300;Findlay, OH Micropolitan Statistical Area;43856;0;1;0;0;0;0;0;0;1
22340;Fitzgerald, GA Micropolitan Statistical Area;28243.613;0;0;0;1;0;0;0;0;1
22580;Forest City, NC Micropolitan Statistical Area;31122;0;0;0;1;0;0;0;0;1
22620;Forrest City, AR Micropolitan Statistical Area;26146;0;0;0;0;0;1;0;0;1
22700;Fort Dodge, IA Micropolitan Statistical Area;35334;0;0;1;0;0;0;0;0;1
22780;Fort Leonard Wood, MO Micropolitan Statistical Area;34247;0;0;1;0;0;0;0;0;1
22800;Fort Madison-Keokuk, IA-MO Micropolitan Statistical Area;35094.332;0;0;1;0;0;0;0;0;0
22820;Fort Morgan, CO Micropolitan Statistical Area;34568;0;0;0;0;0;0;1;0;1
22840;Fort Payne, AL Micropolitan Statistical Area;30137;0;0;0;0;1;0;0;0;0
22860;Fort Polk South, LA Micropolitan Statistical Area;31216;0;0;0;0;0;1;0;0;0
22980;Fort Valley, GA Micropolitan Statistical Area;34453;0;0;0;1;0;0;0;0;1
23140;Frankfort, IN Micropolitan Statistical Area;40759;0;1;0;0;0;0;0;0;1
23180;Frankfort, KY Micropolitan Statistical Area;41562.242;0;0;0;0;1;0;0;0;1
23240;Fredericksburg, TX Micropolitan Statistical Area;38109;0;0;0;0;0;1;0;0;0
23300;Freeport, IL Micropolitan Statistical Area;40366;0;1;0;0;0;0;0;0;1
23340;Fremont, NE Micropolitan Statistical Area;37188;0;0;1;0;0;0;0;0;1
23380;Fremont, OH Micropolitan Statistical Area;40584;0;1;0;0;0;0;0;0;1
23500;Gaffney, SC Micropolitan Statistical Area;33787;0;0;0;1;0;0;0;0;1
23620;Gainesville, TX Micropolitan Statistical Area;37649;0;0;0;0;0;1;0;0;0
23660;Galesburg, IL Micropolitan Statistical Area;35612.262;0;1;0;0;0;0;0;0;0
23700;Gallup, NM Micropolitan Statistical Area;25005;0;0;0;0;0;0;1;0;0
23780;Garden City, KS Micropolitan Statistical Area;38474;0;0;1;0;0;0;0;0;1
23820;Gardnerville Ranchos, NV Micropolitan Statistical Area;51849;0;0;0;0;0;0;1;0;0
23860;Georgetown, SC Micropolitan Statistical Area;35312;0;0;0;1;0;0;0;0;0
23900;Gettysburg, PA Micropolitan Statistical Area;42704;1;0;0;0;0;0;0;0;1
23940;Gillette, WY Micropolitan Statistical Area;49536;0;0;0;0;0;0;1;0;0
23980;Glasgow, KY Micropolitan Statistical Area;29632.242;0;0;0;0;1;0;0;0;0
24100;Gloversville, NY Micropolitan Statistical Area;33663;1;0;0;0;0;0;0;0;1
24180;Granbury, TX Micropolitan Statistical Area;43061.984;0;0;0;0;0;1;0;0;1
24260;Grand Island, NE Micropolitan Statistical Area;36377.91;0;0;1;0;0;0;0;0;0
24380;Grants, NM Micropolitan Statistical Area;27774;0;0;0;0;0;0;1;0;0
24420;Grants Pass, OR Micropolitan Statistical Area;31229;0;0;0;0;0;0;0;1;0
24460;Great Bend, KS Micropolitan Statistical Area;32176;0;0;1;0;0;0;0;0;1
24620;Greeneville, TN Micropolitan Statistical Area;30382;0;0;0;0;1;0;0;0;1
24700;Greensburg, IN Micropolitan Statistical Area;40401;0;1;0;0;0;0;0;0;1
24740;Greenville, MS Micropolitan Statistical Area;25757;0;0;0;0;1;0;0;0;1
24820;Greenville, OH Micropolitan Statistical Area;39307;0;1;0;0;0;0;0;0;0
24900;Greenwood, MS Micropolitan Statistical Area;23144.979;0;0;0;0;1;0;0;0;0
24940;Greenwood, SC Micropolitan Statistical Area;34702;0;0;0;1;0;0;0;0;1
24980;Grenada, MS Micropolitan Statistical Area;27385;0;0;0;0;1;0;0;0;1
25100;Guymon, OK Micropolitan Statistical Area;35872;0;0;0;0;0;1;0;0;0
25220;Hammond, LA Micropolitan Statistical Area;29412;0;0;0;0;0;1;0;0;0
25300;Hannibal, MO Micropolitan Statistical Area;33124.66;0;0;1;0;0;0;0;0;0
25340;Harriman, TN Micropolitan Statistical Area;33226;0;0;0;0;1;0;0;0;1
25380;Harrisburg, IL Micropolitan Statistical Area;28768;0;1;0;0;0;0;0;0;1
25460;Harrison, AR Micropolitan Statistical Area;28929.699;0;0;0;0;0;1;0;0;0
25580;Hastings, NE Micropolitan Statistical Area;36625.301;0;0;1;0;0;0;0;0;1
25660;Havre, MT Micropolitan Statistical Area;30781;0;0;0;0;0;0;1;0;0
25700;Hays, KS Micropolitan Statistical Area;32339;0;0;1;0;0;0;0;0;1
25720;Heber, UT Micropolitan Statistical Area;49612;0;0;0;0;0;0;1;0;1
25740;Helena, MT Micropolitan Statistical Area;37993.516;0;0;0;0;0;0;1;0;0
25760;Helena-West Helena, AR Micropolitan Statistical Area;22231;0;0;0;0;0;1;0;0;1
25780;Henderson, NC Micropolitan Statistical Area;31301;0;0;0;1;0;0;0;0;1
25820;Hereford, TX Micropolitan Statistical Area;29601;0;0;0;0;0;1;0;0;1
25900;Hilo, HI Micropolitan Statistical Area;39805;0;0;0;0;0;0;0;1;0
25940;Hilton Head Island-Beaufort, SC Micropolitan Statistical Area;44617.055;0;0;0;1;0;0;0;0;0
26020;Hobbs, NM Micropolitan Statistical Area;29799;0;0;0;0;0;0;1;0;0
26140;Homosassa Springs, FL Micropolitan Statistical Area;31001;0;0;0;1;0;0;0;0;0
26220;Hood River, OR Micropolitan Statistical Area;38326;0;0;0;0;0;0;0;1;1
26260;Hope, AR Micropolitan Statistical Area;28129.324;0;0;0;0;0;1;0;0;0
26340;Houghton, MI Micropolitan Statistical Area;28776.346;0;1;0;0;0;0;0;0;0
26460;Hudson, NY Micropolitan Statistical Area;41915;1;0;0;0;0;0;0;0;0
26480;Humboldt, TN Micropolitan Statistical Area;31105;0;0;0;0;1;0;0;0;0
26500;Huntingdon, PA Micropolitan Statistical Area;33313;1;0;0;0;0;0;0;0;0
26540;Huntington, IN Micropolitan Statistical Area;41620;0;1;0;0;0;0;0;0;1
26660;Huntsville, TX Micropolitan Statistical Area;31468;0;0;0;0;0;1;0;0;0
26700;Huron, SD Micropolitan Statistical Area;30510;0;0;1;0;0;0;0;0;1
26740;Hutchinson, KS Micropolitan Statistical Area;35510;0;0;1;0;0;0;0;0;1
26780;Hutchinson, MN Micropolitan Statistical Area;45953;0;0;1;0;0;0;0;0;1
26860;Indiana, PA Micropolitan Statistical Area;30233;1;0;0;0;0;0;0;0;0
26940;Indianola, MS Micropolitan Statistical Area;24970;0;0;0;0;1;0;0;0;0
27020;Iron Mountain, MI-WI Micropolitan Statistical Area;34813.281;0;1;0;0;0;0;0;0;0
27220;Jackson, WY-ID Micropolitan Statistical Area;51485.613;0;0;0;0;0;0;1;0;0
27300;Jacksonville, IL Micropolitan Statistical Area;36884.793;0;1;0;0;0;0;0;0;1
27380;Jacksonville, TX Micropolitan Statistical Area;29313;0;0;0;0;0;1;0;0;0
27420;Jamestown, ND Micropolitan Statistical Area;33848;0;0;1;0;0;0;0;0;0
27460;Jamestown-Dunkirk-Fredonia, NY Micropolitan Statistical Area;33458;1;0;0;0;0;0;0;0;0
27540;Jasper, IN Micropolitan Statistical Area;41868.602;0;1;0;0;0;0;0;0;0
27660;Jennings, LA Micropolitan Statistical Area;27736;0;0;0;0;0;1;0;0;0
27700;Jesup, GA Micropolitan Statistical Area;32766;0;0;0;1;0;0;0;0;1
27940;Juneau, AK Micropolitan Statistical Area;62034;0;0;0;0;0;0;0;1;1
27980;Kahului-Wailuku, HI Micropolitan Statistical Area;49489;0;0;0;0;0;0;0;1;0
28060;Kalispell, MT Micropolitan Statistical Area;34466;0;0;0;0;0;0;1;0;0
28180;Kapaa, HI Micropolitan Statistical Area;45020;0;0;0;0;0;0;0;1;0
28260;Kearney, NE Micropolitan Statistical Area;37127.215;0;0;1;0;0;0;0;0;0
28300;Keene, NH Micropolitan Statistical Area;42382;0;0;0;0;0;0;0;0;0
28340;Kendallville, IN Micropolitan Statistical Area;42700;0;1;0;0;0;0;0;0;1
28380;Kennett, MO Micropolitan Statistical Area;24878;0;0;1;0;0;0;0;0;0
28500;Kerrville, TX Micropolitan Statistical Area;34283;0;0;0;0;0;1;0;0;1
28540;Ketchikan, AK Micropolitan Statistical Area;51344;0;0;0;0;0;0;0;1;1
28580;Key West, FL Micropolitan Statistical Area;42283;0;0;0;1;0;0;0;0;0
28620;Kill Devil Hills, NC Micropolitan Statistical Area;42411;0;0;0;1;0;0;0;0;0
28780;Kingsville, TX Micropolitan Statistical Area;29257.137;0;0;0;0;0;1;0;0;1
28820;Kinston, NC Micropolitan Statistical Area;31191;0;0;0;1;0;0;0;0;1
28860;Kirksville, MO Micropolitan Statistical Area;26778.293;0;0;1;0;0;0;0;0;1
28900;Klamath Falls, OR Micropolitan Statistical Area;31537;0;0;0;0;0;0;0;1;0
28980;Kodiak, AK Micropolitan Statistical Area;54636;0;0;0;0;0;0;0;1;0
29060;Laconia, NH Micropolitan Statistical Area;43605;0;0;0;0;0;0;0;0;1
29220;La Follette, TN Micropolitan Statistical Area;25285;0;0;0;0;1;0;0;0;1
29260;La Grande, OR Micropolitan Statistical Area;33738;0;0;0;0;0;0;0;1;0
29300;LaGrange, GA Micropolitan Statistical Area;35469;0;0;0;1;0;0;0;0;1
29380;Lake City, FL Micropolitan Statistical Area;30881;0;0;0;1;0;0;0;0;0
29500;Lamesa, TX Micropolitan Statistical Area;28211;0;0;0;0;0;1;0;0;1
29580;Lancaster, SC Micropolitan Statistical Area;34688;0;0;0;1;0;0;0;0;0
29660;Laramie, WY Micropolitan Statistical Area;28790;0;0;0;0;0;0;1;0;1
29780;Las Vegas, NM Micropolitan Statistical Area;26524;0;0;0;0;0;0;1;0;0
29860;Laurel, MS Micropolitan Statistical Area;27837.135;0;0;0;0;1;0;0;0;0
29900;Laurinburg, NC Micropolitan Statistical Area;31010;0;0;0;1;0;0;0;0;1
29980;Lawrenceburg, TN Micropolitan Statistical Area;30498;0;0;0;0;1;0;0;0;0
30060;Lebanon, MO Micropolitan Statistical Area;29562;0;0;1;0;0;0;0;0;1
30100;Lebanon, NH-VT Micropolitan Statistical Area;41169.688;0;0;0;0;0;0;0;0;0
30220;Levelland, TX Micropolitan Statistical Area;31085;0;0;0;0;0;1;0;0;1
30260;Lewisburg, PA Micropolitan Statistical Area;40336;1;0;0;0;0;0;0;0;1
30280;Lewisburg, TN Micropolitan Statistical Area;38457;0;0;0;0;1;0;0;0;1
30380;Lewistown, PA Micropolitan Statistical Area;32175;1;0;0;0;0;0;0;0;1
30420;Lexington, NE Micropolitan Statistical Area;36188.188;0;0;1;0;0;0;0;0;0
30500;Lexington Park, MD Micropolitan Statistical Area;54706;0;0;0;1;0;0;0;0;0
30580;Liberal, KS Micropolitan Statistical Area;36752;0;0;1;0;0;0;0;0;1
30660;Lincoln, IL Micropolitan Statistical Area;39389;0;1;0;0;0;0;0;0;1
30740;Lincolnton, NC Micropolitan Statistical Area;41421;0;0;0;1;0;0;0;0;1
30820;Lock Haven, PA Micropolitan Statistical Area;31064;1;0;0;0;0;0;0;0;0
30900;Logansport, IN Micropolitan Statistical Area;39193;0;1;0;0;0;0;0;0;1
30940;London, KY Micropolitan Statistical Area;27015;0;0;0;0;1;0;0;0;1
31060;Los Alamos, NM Micropolitan Statistical Area;78993;0;0;0;0;0;0;1;0;1
31260;Lufkin, TX Micropolitan Statistical Area;33806;0;0;0;0;0;1;0;0;1
31300;Lumberton, NC Micropolitan Statistical Area;28202;0;0;0;1;0;0;0;0;0
31380;Macomb, IL Micropolitan Statistical Area;32141;0;1;0;0;0;0;0;0;1
31500;Madison, IN Micropolitan Statistical Area;38189;0;1;0;0;0;0;0;0;1
31580;Madisonville, KY Micropolitan Statistical Area;30868;0;0;0;0;1;0;0;0;1
31620;Magnolia, AR Micropolitan Statistical Area;27640;0;0;0;0;0;1;0;0;1
31660;Malone, NY Micropolitan Statistical Area;31517;1;0;0;0;0;0;0;0;0
31820;Manitowoc, WI Micropolitan Statistical Area;43286;0;1;0;0;0;0;0;0;1
31940;Marinette, WI-MI Micropolitan Statistical Area;34383.172;0;1;0;0;0;0;0;0;0
31980;Marion, IN Micropolitan Statistical Area;36162;0;1;0;0;0;0;0;0;1
32020;Marion, OH Micropolitan Statistical Area;38709;0;1;0;0;0;0;0;0;1
32060;Marion-Herrin, IL Micropolitan Statistical Area;31991;0;1;0;0;0;0;0;0;1
32100;Marquette, MI Micropolitan Statistical Area;35548;0;1;0;0;0;0;0;0;0
32140;Marshall, MN Micropolitan Statistical Area;38996;0;0;1;0;0;0;0;0;1
32180;Marshall, MO Micropolitan Statistical Area;32743;0;0;1;0;0;0;0;0;1
32220;Marshall, TX Micropolitan Statistical Area;33520;0;0;0;0;0;1;0;0;0
32260;Marshalltown, IA Micropolitan Statistical Area;38268;0;0;1;0;0;0;0;0;1
32270;Marshfield-Wisconsin Rapids, WI Micropolitan Statistical Area;41595;0;1;0;0;0;0;0;0;0
32280;Martin, TN Micropolitan Statistical Area;30008;0;0;0;0;1;0;0;0;0
32300;Martinsville, VA Micropolitan Statistical Area;30896.455;0;0;0;1;0;0;0;0;1
32340;Maryville, MO Micropolitan Statistical Area;31781;0;0;1;0;0;0;0;0;1
32380;Mason City, IA Micropolitan Statistical Area;35950.957;0;0;1;0;0;0;0;0;1
32460;Mayfield, KY Micropolitan Statistical Area;30874;0;0;0;0;1;0;0;0;1
32500;Maysville, KY Micropolitan Statistical Area;26551.57;0;0;0;0;1;0;0;0;0
32540;McAlester, OK Micropolitan Statistical Area;28679;0;0;0;0;0;1;0;0;0
32620;McComb, MS Micropolitan Statistical Area;24942.748;0;0;0;0;1;0;0;0;0
32660;McMinnville, TN Micropolitan Statistical Area;30920;0;0;0;0;1;0;0;0;1
32700;McPherson, KS Micropolitan Statistical Area;41138;0;0;1;0;0;0;0;0;0
32740;Meadville, PA Micropolitan Statistical Area;33560;1;0;0;0;0;0;0;0;0
32860;Menomonie, WI Micropolitan Statistical Area;38753;0;1;0;0;0;0;0;0;0
32940;Meridian, MS Micropolitan Statistical Area;29403.404;0;0;0;0;1;0;0;0;0
32980;Merrill, WI Micropolitan Statistical Area;39120;0;1;0;0;0;0;0;0;0
33020;Mexico, MO Micropolitan Statistical Area;32057;0;0;1;0;0;0;0;0;0
33060;Miami, OK Micropolitan Statistical Area;27507;0;0;0;0;0;1;0;0;1
33180;Middlesborough, KY Micropolitan Statistical Area;19057;0;0;0;0;1;0;0;0;1
33220;Midland, MI Micropolitan Statistical Area;45674;0;1;0;0;0;0;0;0;1
33300;Milledgeville, GA Micropolitan Statistical Area;32738.965;0;0;0;1;0;0;0;0;1
33380;Minden, LA Micropolitan Statistical Area;28408;0;0;0;0;0;1;0;0;0
33420;Mineral Wells, TX Micropolitan Statistical Area;31203;0;0;0;0;0;1;0;0;1
33500;Minot, ND Micropolitan Statistical Area;32988.547;0;0;1;0;0;0;0;0;0
33580;Mitchell, SD Micropolitan Statistical Area;33414.742;0;0;1;0;0;0;0;0;1
33620;Moberly, MO Micropolitan Statistical Area;31464;0;0;1;0;0;0;0;0;1
33820;Monroe, WI Micropolitan Statistical Area;43228;0;1;0;0;0;0;0;0;0
33940;Montrose, CO Micropolitan Statistical Area;35234;0;0;0;0;0;0;1;0;0
33980;Morehead City, NC Micropolitan Statistical Area;38344;0;0;0;1;0;0;0;0;0
34020;Morgan City, LA Micropolitan Statistical Area;28072;0;0;0;0;0;1;0;0;0
34140;Moscow, ID Micropolitan Statistical Area;32524;0;0;0;0;0;0;1;0;0
34180;Moses Lake, WA Micropolitan Statistical Area;35276;0;0;0;0;0;0;0;1;0
34220;Moultrie, GA Micropolitan Statistical Area;28539;0;0;0;1;0;0;0;0;1
34260;Mountain Home, AR Micropolitan Statistical Area;29106;0;0;0;0;0;1;0;0;1
34300;Mountain Home, ID Micropolitan Statistical Area;35256;0;0;0;0;0;0;1;0;0
34340;Mount Airy, NC Micropolitan Statistical Area;33046;0;0;0;1;0;0;0;0;0
34380;Mount Pleasant, MI Micropolitan Statistical Area;34262;0;1;0;0;0;0;0;0;1
34420;Mount Pleasant, TX Micropolitan Statistical Area;32452;0;0;0;0;0;1;0;0;1
34460;Mount Sterling, KY Micropolitan Statistical Area;28587.148;0;0;0;0;1;0;0;0;0
34500;Mount Vernon, IL Micropolitan Statistical Area;33013.109;0;1;0;0;0;0;0;0;0
34540;Mount Vernon, OH Micropolitan Statistical Area;38877;0;1;0;0;0;0;0;0;1
34660;Murray, KY Micropolitan Statistical Area;30134;0;0;0;0;1;0;0;0;1
34700;Muscatine, IA Micropolitan Statistical Area;41188.934;0;0;1;0;0;0;0;0;0
34780;Muskogee, OK Micropolitan Statistical Area;28438;0;0;0;0;0;1;0;0;1
34860;Nacogdoches, TX Micropolitan Statistical Area;28301;0;0;0;0;0;1;0;0;1
35020;Natchez, MS-LA Micropolitan Statistical Area;24309.686;0;0;0;0;0;1;0;0;1
35060;Natchitoches, LA Micropolitan Statistical Area;25722;0;0;0;0;0;1;0;0;0
35100;New Bern, NC Micropolitan Statistical Area;35293.945;0;0;0;1;0;0;0;0;0
35140;Newberry, SC Micropolitan Statistical Area;32867;0;0;0;1;0;0;0;0;0
35220;New Castle, IN Micropolitan Statistical Area;38150;0;1;0;0;0;0;0;0;1
35260;New Castle, PA Micropolitan Statistical Area;33152;1;0;0;0;0;0;0;0;1
35340;New Iberia, LA Micropolitan Statistical Area;31204;0;0;0;0;0;1;0;0;1
35420;New Philadelphia-Dover, OH Micropolitan Statistical Area;35489;0;1;0;0;0;0;0;0;1
35460;Newport, TN Micropolitan Statistical Area;25553;0;0;0;0;1;0;0;0;1
35500;Newton, IA Micropolitan Statistical Area;41683;0;0;1;0;0;0;0;0;1
35580;New Ulm, MN Micropolitan Statistical Area;39800;0;0;1;0;0;0;0;0;0
35700;Nogales, AZ Micropolitan Statistical Area;29710;0;0;0;0;0;0;1;0;0
35740;Norfolk, NE Micropolitan Statistical Area;35354.328;0;0;1;0;0;0;0;0;0
35820;North Platte, NE Micropolitan Statistical Area;36333.41;0;0;1;0;0;0;0;0;0
35860;North Vernon, IN Micropolitan Statistical Area;39402;0;1;0;0;0;0;0;0;1
35900;North Wilkesboro, NC Micropolitan Statistical Area;34258;0;0;0;1;0;0;0;0;0
35940;Norwalk, OH Micropolitan Statistical Area;40558;0;1;0;0;0;0;0;0;0
36020;Oak Harbor, WA Micropolitan Statistical Area;45513;0;0;0;0;0;0;0;1;1
36060;Oak Hill, WV Micropolitan Statistical Area;24788;0;0;0;1;0;0;0;0;0
36180;Ocean Pines, MD Micropolitan Statistical Area;40650;0;0;0;1;0;0;0;0;0
36300;Ogdensburg-Massena, NY Micropolitan Statistical Area;32356;1;0;0;0;0;0;0;0;0
36340;Oil City, PA Micropolitan Statistical Area;32257;1;0;0;0;0;0;0;0;1
36380;Okeechobee, FL Micropolitan Statistical Area;30456;0;0;0;1;0;0;0;0;1
36460;Olean, NY Micropolitan Statistical Area;33404;1;0;0;0;0;0;0;0;0
36580;Oneonta, NY Micropolitan Statistical Area;33444;1;0;0;0;0;0;0;0;0
36620;Ontario, OR-ID Micropolitan Statistical Area;31346.92;0;0;0;0;0;0;1;0;0
36660;Opelousas-Eunice, LA Micropolitan Statistical Area;22855;0;0;0;0;0;1;0;0;0
36700;Orangeburg, SC Micropolitan Statistical Area;29567;0;0;0;1;0;0;0;0;0
36820;Oskaloosa, IA Micropolitan Statistical Area;37314;0;0;1;0;0;0;0;0;1
36860;Ottawa-Streator, IL Micropolitan Statistical Area;40496.684;0;1;0;0;0;0;0;0;0
36900;Ottumwa, IA Micropolitan Statistical Area;32188;0;0;1;0;0;0;0;0;1
36940;Owatonna, MN Micropolitan Statistical Area;46106;0;0;1;0;0;0;0;0;1
37020;Owosso, MI Micropolitan Statistical Area;42553;0;1;0;0;0;0;0;0;1
37060;Oxford, MS Micropolitan Statistical Area;28517;0;0;0;0;1;0;0;0;1
37140;Paducah, KY-IL Micropolitan Statistical Area;33148.727;0;1;0;0;0;0;0;0;0
37220;Pahrump, NV Micropolitan Statistical Area;36024;0;0;0;0;0;0;1;0;0
37260;Palatka, FL Micropolitan Statistical Area;28180;0;0;0;1;0;0;0;0;0
37300;Palestine, TX Micropolitan Statistical Area;31957;0;0;0;0;0;1;0;0;0
37420;Pampa, TX Micropolitan Statistical Area;31871.875;0;0;0;0;0;1;0;0;1
37500;Paragould, AR Micropolitan Statistical Area;30828;0;0;0;0;0;1;0;0;1
37540;Paris, TN Micropolitan Statistical Area;30169;0;0;0;0;1;0;0;0;1
37580;Paris, TX Micropolitan Statistical Area;31609;0;0;0;0;0;1;0;0;1
37660;Parsons, KS Micropolitan Statistical Area;30875;0;0;1;0;0;0;0;0;1
37740;Payson, AZ Micropolitan Statistical Area;30917;0;0;0;0;0;0;1;0;0
37780;Pecos, TX Micropolitan Statistical Area;23306;0;0;0;0;0;1;0;0;0
37800;Pella, IA Micropolitan Statistical Area;42401;0;0;1;0;0;0;0;0;1
37820;Pendleton-Hermiston, OR Micropolitan Statistical Area;36420.512;0;0;0;0;0;0;0;1;0
37940;Peru, IN Micropolitan Statistical Area;39184;0;1;0;0;0;0;0;0;1
38020;Phoenix Lake-Cedar Ridge, CA Micropolitan Statistical Area;38725;0;0;0;0;0;0;0;1;0
38100;Picayune, MS Micropolitan Statistical Area;30912;0;0;0;0;1;0;0;0;0
38180;Pierre, SD Micropolitan Statistical Area;42710.84;0;0;1;0;0;0;0;0;1
38200;Pierre Part, LA Micropolitan Statistical Area;31168;0;0;0;0;0;1;0;0;1
38260;Pittsburg, KS Micropolitan Statistical Area;29409;0;0;1;0;0;0;0;0;1
38380;Plainview, TX Micropolitan Statistical Area;31280;0;0;0;0;0;1;0;0;1
38420;Platteville, WI Micropolitan Statistical Area;36268;0;1;0;0;0;0;0;0;0
38460;Plattsburgh, NY Micropolitan Statistical Area;37028;1;0;0;0;0;0;0;0;0
38500;Plymouth, IN Micropolitan Statistical Area;42581;0;1;0;0;0;0;0;0;1
38580;Point Pleasant, WV-OH Micropolitan Statistical Area;28799.52;0;1;0;0;0;0;0;0;0
38620;Ponca City, OK Micropolitan Statistical Area;30762;0;0;0;0;0;1;0;0;1
38700;Pontiac, IL Micropolitan Statistical Area;41342;0;1;0;0;0;0;0;0;0
38740;Poplar Bluff, MO Micropolitan Statistical Area;27228;0;0;1;0;0;0;0;0;1
38780;Portales, NM Micropolitan Statistical Area;26586;0;0;0;0;0;0;1;0;0
38820;Port Angeles, WA Micropolitan Statistical Area;36449;0;0;0;0;0;0;0;1;0
39020;Portsmouth, OH Micropolitan Statistical Area;28008;0;1;0;0;0;0;0;0;1
39060;Pottsville, PA Micropolitan Statistical Area;32699;1;0;0;0;0;0;0;0;0
39220;Price, UT Micropolitan Statistical Area;34036;0;0;0;0;0;0;1;0;0
39260;Prineville, OR Micropolitan Statistical Area;35186;0;0;0;0;0;0;0;1;0
39420;Pullman, WA Micropolitan Statistical Area;28584;0;0;0;0;0;0;0;1;0
39500;Quincy, IL-MO Micropolitan Statistical Area;34233.395;0;1;0;0;0;0;0;0;0
39700;Raymondville, TX Micropolitan Statistical Area;22114;0;0;0;0;0;1;0;0;1
39780;Red Bluff, CA Micropolitan Statistical Area;31206;0;0;0;0;0;0;0;1;0
39860;Red Wing, MN Micropolitan Statistical Area;46972;0;0;1;0;0;0;0;0;0
39940;Rexburg, ID Micropolitan Statistical Area;32852.789;0;0;0;0;0;0;1;0;0
39980;Richmond, IN Micropolitan Statistical Area;34885;0;1;0;0;0;0;0;0;1
40080;Richmond-Berea, KY Micropolitan Statistical Area;31081.338;0;0;0;0;1;0;0;0;0
40100;Rio Grande City-Roma, TX Micropolitan Statistical Area;16504;0;0;0;0;0;1;0;0;0
40180;Riverton, WY Micropolitan Statistical Area;32503;0;0;0;0;0;0;1;0;0
40260;Roanoke Rapids, NC Micropolitan Statistical Area;26512.646;0;0;0;1;0;0;0;0;0
40300;Rochelle, IL Micropolitan Statistical Area;45448;0;1;0;0;0;0;0;0;0
40460;Rockingham, NC Micropolitan Statistical Area;28830;0;0;0;1;0;0;0;0;1
40500;Rockland, ME Micropolitan Statistical Area;36774;0;0;0;0;0;0;0;0;1
40540;Rock Springs, WY Micropolitan Statistical Area;46537;0;0;0;0;0;0;1;0;0
40620;Rolla, MO Micropolitan Statistical Area;29378;0;0;1;0;0;0;0;0;1
40700;Roseburg, OR Micropolitan Statistical Area;33223;0;0;0;0;0;0;0;1;0
40740;Roswell, NM Micropolitan Statistical Area;28513;0;0;0;0;0;0;1;0;0
40760;Ruidoso, NM Micropolitan Statistical Area;33886;0;0;0;0;0;0;1;0;0
40780;Russellville, AR Micropolitan Statistical Area;31187.463;0;0;0;0;0;1;0;0;0
40820;Ruston, LA Micropolitan Statistical Area;27342.607;0;0;0;0;0;1;0;0;0
40860;Rutland, VT Micropolitan Statistical Area;36743;0;0;0;0;0;0;0;0;0
40940;Safford, AZ Micropolitan Statistical Area;31643.514;0;0;0;0;0;0;1;0;0
41220;St. Marys, GA Micropolitan Statistical Area;41056;0;0;0;1;0;0;0;0;1
41260;St. Marys, PA Micropolitan Statistical Area;37550;1;0;0;0;0;0;0;0;0
41460;Salina, KS Micropolitan Statistical Area;37380.293;0;0;1;0;0;0;0;0;1
41580;Salisbury, NC Micropolitan Statistical Area;37494;0;0;0;1;0;0;0;0;1
41820;Sanford, NC Micropolitan Statistical Area;38900;0;0;0;1;0;0;0;0;1
42300;Sault Ste. Marie, MI Micropolitan Statistical Area;34464;0;1;0;0;0;0;0;0;0
42380;Sayre, PA Micropolitan Statistical Area;35038;1;0;0;0;0;0;0;0;0
42420;Scottsbluff, NE Micropolitan Statistical Area;32001.32;0;0;1;0;0;0;0;0;1
42460;Scottsboro, AL Micropolitan Statistical Area;32020;0;0;0;0;1;0;0;0;0
42500;Scottsburg, IN Micropolitan Statistical Area;34656;0;1;0;0;0;0;0;0;1
42580;Seaford, DE Micropolitan Statistical Area;39208;0;0;0;1;0;0;0;0;0
42620;Searcy, AR Micropolitan Statistical Area;32203;0;0;0;0;0;1;0;0;0
42700;Sebring, FL Micropolitan Statistical Area;30160;0;0;0;1;0;0;0;0;0
42740;Sedalia, MO Micropolitan Statistical Area;31822;0;0;1;0;0;0;0;0;1
42780;Selinsgrove, PA Micropolitan Statistical Area;35981;1;0;0;0;0;0;0;0;1
42820;Selma, AL Micropolitan Statistical Area;23370;0;0;0;0;1;0;0;0;1
42860;Seneca, SC Micropolitan Statistical Area;36666;0;0;0;1;0;0;0;0;1
42900;Seneca Falls, NY Micropolitan Statistical Area;37140;1;0;0;0;0;0;0;0;1
42940;Sevierville, TN Micropolitan Statistical Area;34719;0;0;0;0;1;0;0;0;1
42980;Seymour, IN Micropolitan Statistical Area;39401;0;1;0;0;0;0;0;0;1
43060;Shawnee, OK Micropolitan Statistical Area;31573;0;0;0;0;0;1;0;0;1
43140;Shelby, NC Micropolitan Statistical Area;35283;0;0;0;1;0;0;0;0;1
43180;Shelbyville, TN Micropolitan Statistical Area;36729;0;0;0;0;1;0;0;0;1
43220;Shelton, WA Micropolitan Statistical Area;39586;0;0;0;0;0;0;0;1;0
43260;Sheridan, WY Micropolitan Statistical Area;34538;0;0;0;0;0;0;1;0;0
43320;Show Low, AZ Micropolitan Statistical Area;28569;0;0;0;0;0;0;1;0;0
43380;Sidney, OH Micropolitan Statistical Area;44507;0;1;0;0;0;0;0;0;1
43420;Sierra Vista-Douglas, AZ Micropolitan Statistical Area;32105;0;0;0;0;0;0;1;0;0
43460;Sikeston, MO Micropolitan Statistical Area;31352;0;0;1;0;0;0;0;0;0
43500;Silver City, NM Micropolitan Statistical Area;29134;0;0;0;0;0;0;1;0;0
43540;Silverthorne, CO Micropolitan Statistical Area;56587;0;0;0;0;0;0;1;0;0
43660;Snyder, TX Micropolitan Statistical Area;31646;0;0;0;0;0;1;0;0;1
43700;Somerset, KY Micropolitan Statistical Area;27370;0;0;0;0;1;0;0;0;1
43740;Somerset, PA Micropolitan Statistical Area;30911;1;0;0;0;0;0;0;0;0
43860;Southern Pines-Pinehurst, NC Micropolitan Statistical Area;41240;0;0;0;1;0;0;0;0;0
43940;Spearfish, SD Micropolitan Statistical Area;31755;0;0;1;0;0;0;0;0;1
43980;Spencer, IA Micropolitan Statistical Area;35799;0;0;1;0;0;0;0;0;1
44020;Spirit Lake, IA Micropolitan Statistical Area;39020;0;0;1;0;0;0;0;0;1
44260;Starkville, MS Micropolitan Statistical Area;24899;0;0;0;0;1;0;0;0;1
44340;Statesboro, GA Micropolitan Statistical Area;29499;0;0;0;1;0;0;0;0;1
44380;Statesville-Mooresville, NC Micropolitan Statistical Area;41920;0;0;0;1;0;0;0;0;0
44420;Staunton-Waynesboro, VA Micropolitan Statistical Area;38978.328;0;0;0;1;0;0;0;0;0
44500;Stephenville, TX Micropolitan Statistical Area;30708;0;0;0;0;0;1;0;0;1
44540;Sterling, CO Micropolitan Statistical Area;32724;0;0;0;0;0;0;1;0;0
44580;Sterling, IL Micropolitan Statistical Area;40354;0;1;0;0;0;0;0;0;0
44620;Stevens Point, WI Micropolitan Statistical Area;43487;0;1;0;0;0;0;0;0;1
44660;Stillwater, OK Micropolitan Statistical Area;28733;0;0;0;0;0;1;0;0;1
44740;Storm Lake, IA Micropolitan Statistical Area;35300;0;0;1;0;0;0;0;0;1
44780;Sturgis, MI Micropolitan Statistical Area;40355;0;1;0;0;0;0;0;0;1
44860;Sulphur Springs, TX Micropolitan Statistical Area;32136;0;0;0;0;0;1;0;0;1
44900;Summerville, GA Micropolitan Statistical Area;30664;0;0;0;1;0;0;0;0;1
44980;Sunbury, PA Micropolitan Statistical Area;31314;1;0;0;0;0;0;0;0;0
45000;Susanville, CA Micropolitan Statistical Area;36310;0;0;0;0;0;0;0;1;0
45020;Sweetwater, TX Micropolitan Statistical Area;26209;0;0;0;0;0;1;0;0;1
45140;Tahlequah, OK Micropolitan Statistical Area;26536;0;0;0;0;0;1;0;0;0
45180;Talladega-Sylacauga, AL Micropolitan Statistical Area;31628;0;0;0;0;1;0;0;0;0
45260;Tallulah, LA Micropolitan Statistical Area;20509;0;0;0;0;0;1;0;0;1
45340;Taos, NM Micropolitan Statistical Area;26762;0;0;0;0;0;0;1;0;0
45380;Taylorville, IL Micropolitan Statistical Area;36561;0;1;0;0;0;0;0;0;0
45520;The Dalles, OR Micropolitan Statistical Area;35959;0;0;0;0;0;0;0;1;0
45580;Thomaston, GA Micropolitan Statistical Area;31201;0;0;0;1;0;0;0;0;1
45620;Thomasville, GA Micropolitan Statistical Area;31115;0;0;0;1;0;0;0;0;1
45640;Thomasville-Lexington, NC Micropolitan Statistical Area;38640;0;0;0;1;0;0;0;0;0
45660;Tiffin, OH Micropolitan Statistical Area;38037;0;1;0;0;0;0;0;0;1
45700;Tifton, GA Micropolitan Statistical Area;32616;0;0;0;1;0;0;0;0;1
45740;Toccoa, GA Micropolitan Statistical Area;29466;0;0;0;1;0;0;0;0;1
45860;Torrington, CT Micropolitan Statistical Area;56273;0;0;0;0;0;0;0;0;0
45900;Traverse City, MI Micropolitan Statistical Area;42190.785;0;1;0;0;0;0;0;0;0
45980;Troy, AL Micropolitan Statistical Area;25551;0;0;0;0;1;0;0;0;1
46020;Truckee-Grass Valley, CA Micropolitan Statistical Area;45864;0;0;0;0;0;0;0;1;0
46100;Tullahoma, TN Micropolitan Statistical Area;35486.25;0;0;0;0;1;0;0;0;0
46180;Tupelo, MS Micropolitan Statistical Area;34377.398;0;0;0;0;1;0;0;0;0
46260;Tuskegee, AL Micropolitan Statistical Area;21180;0;0;0;0;1;0;0;0;1
46300;Twin Falls, ID Micropolitan Statistical Area;34548.18;0;0;0;0;0;0;1;0;0
46380;Ukiah, CA Micropolitan Statistical Area;35996;0;0;0;0;0;0;0;1;0
46420;Union, SC Micropolitan Statistical Area;31441;0;0;0;1;0;0;0;0;1
46460;Union City, TN-KY Micropolitan Statistical Area;31147.73;0;0;0;0;1;0;0;0;0
46500;Urbana, OH Micropolitan Statistical Area;43139;0;1;0;0;0;0;0;0;1
46620;Uvalde, TX Micropolitan Statistical Area;27164;0;0;0;0;0;1;0;0;0
46740;Valley, AL Micropolitan Statistical Area;29667;0;0;0;0;1;0;0;0;1
46780;Van Wert, OH Micropolitan Statistical Area;39497;0;1;0;0;0;0;0;0;1
46820;Vermillion, SD Micropolitan Statistical Area;27535;0;0;1;0;0;0;0;0;1
46860;Vernal, UT Micropolitan Statistical Area;34518;0;0;0;0;0;0;1;0;0
46900;Vernon, TX Micropolitan Statistical Area;29500;0;0;0;0;0;1;0;0;1
46980;Vicksburg, MS Micropolitan Statistical Area;35056;0;0;0;0;1;0;0;0;1
47080;Vidalia, GA Micropolitan Statistical Area;27636.867;0;0;0;1;0;0;0;0;1
47180;Vincennes, IN Micropolitan Statistical Area;31362;0;1;0;0;0;0;0;0;1
47340;Wabash, IN Micropolitan Statistical Area;40413;0;1;0;0;0;0;0;0;1
47420;Wahpeton, ND-MN Micropolitan Statistical Area;36664.531;0;0;1;0;0;0;0;0;0
47460;Walla Walla, WA Micropolitan Statistical Area;35900;0;0;0;0;0;0;0;1;1
47500;Walterboro, SC Micropolitan Statistical Area;29733;0;0;0;1;0;0;0;0;0
47540;Wapakoneta, OH Micropolitan Statistical Area;43367;0;1;0;0;0;0;0;0;1
47620;Warren, PA Micropolitan Statistical Area;36083;1;0;0;0;0;0;0;0;0
47660;Warrensburg, MO Micropolitan Statistical Area;35391;0;0;1;0;0;0;0;0;0
47700;Warsaw, IN Micropolitan Statistical Area;43939;0;1;0;0;0;0;0;0;1
47780;Washington, IN Micropolitan Statistical Area;34064;0;1;0;0;0;0;0;0;1
47820;Washington, NC Micropolitan Statistical Area;31066;0;0;0;1;0;0;0;0;0
47920;Washington Court House, OH Micropolitan Statistical Area;36735;0;1;0;0;0;0;0;0;1
47980;Watertown, SD Micropolitan Statistical Area;35833;0;0;1;0;0;0;0;0;1
48020;Watertown-Fort Atkinson, WI Micropolitan Statistical Area;46901;0;1;0;0;0;0;0;0;0
48060;Watertown-Fort Drum, NY Micropolitan Statistical Area;34006;1;0;0;0;0;0;0;0;0
48100;Wauchula, FL Micropolitan Statistical Area;30183;0;0;0;1;0;0;0;0;1
48180;Waycross, GA Micropolitan Statistical Area;28829.518;0;0;0;1;0;0;0;0;0
48460;West Plains, MO Micropolitan Statistical Area;25628;0;0;1;0;0;0;0;0;0
48500;West Point, MS Micropolitan Statistical Area;27372;0;0;0;0;1;0;0;0;1
48580;Whitewater, WI Micropolitan Statistical Area;46274;0;1;0;0;0;0;0;0;0
48740;Willimantic, CT Micropolitan Statistical Area;45115;0;0;0;0;0;0;0;0;0
48780;Williston, ND Micropolitan Statistical Area;31491;0;0;1;0;0;0;0;0;0
48820;Willmar, MN Micropolitan Statistical Area;39772;0;0;1;0;0;0;0;0;1
48940;Wilmington, OH Micropolitan Statistical Area;40467;0;1;0;0;0;0;0;0;1
48980;Wilson, NC Micropolitan Statistical Area;33116;0;0;0;1;0;0;0;0;1
49060;Winfield, KS Micropolitan Statistical Area;34406;0;0;1;0;0;0;0;0;0
49100;Winona, MN Micropolitan Statistical Area;38700;0;0;1;0;0;0;0;0;0
49260;Woodward, OK Micropolitan Statistical Area;33581;0;0;0;0;0;1;0;0;1
49300;Wooster, OH Micropolitan Statistical Area;41538;0;1;0;0;0;0;0;0;1
49380;Worthington, MN Micropolitan Statistical Area;35684;0;0;1;0;0;0;0;0;1
49460;Yankton, SD Micropolitan Statistical Area;35374;0;0;1;0;0;0;0;0;1
49540;Yazoo City, MS Micropolitan Statistical Area;24795;0;0;0;0;1;0;0;0;0
49780;Zanesville, OH Micropolitan Statistical Area;35185;0;1;0;0;0;0;0;0;1
