"id";"name";"firms2000";"firms2001";"firms2002";"firms2003";"firms2004";"firms2005";"firms2006";"firms2007";"firms2008";"firms2009"
10020;"Abbeville, LA Micropolitan Statistical Area";0;0;0;0;0;0;1;1;2;2
10100;"Aberdeen, SD Micropolitan Statistical Area";1;1;1;1;1;1;1;1;1;1
10140;"Aberdeen, WA Micropolitan Statistical Area";1;2;2;2;2;0;1;2;2;2
10220;"Ada, OK Micropolitan Statistical Area";1;1;1;1;1;1;1;1;1;1
10300;"Adrian, MI Micropolitan Statistical Area";0;0;0;0;0;1;1;1;1;1
10460;"Alamogordo, NM Micropolitan Statistical Area";1;1;1;0;0;0;0;0;0;1
10540;"Albany-Lebanon, OR Micropolitan Statistical Area";1;1;1;1;1;2;2;2;2;2
10620;"Albemarle, NC Micropolitan Statistical Area";1;1;1;1;0;0;0;0;1;1
10660;"Albert Lea, MN Micropolitan Statistical Area";1;1;1;1;1;1;1;1;1;1
10700;"Albertville, AL Micropolitan Statistical Area";0;0;1;1;2;2;2;1;1;2
10760;"Alexander City, AL Micropolitan Statistical Area";1;2;1;1;1;1;1;1;1;1
10820;"Alexandria, MN Micropolitan Statistical Area";1;1;1;1;1;1;1;1;1;1
10860;"Alice, TX Micropolitan Statistical Area";1;1;1;1;1;1;1;1;1;1
10880;"Allegan, MI Micropolitan Statistical Area";1;0;0;0;0;0;0;0;0;0
10940;"Alma, MI Micropolitan Statistical Area";1;1;3;3;3;4;4;2;3;3
10980;"Alpena, MI Micropolitan Statistical Area";2;3;2;2;3;2;2;2;3;3
11060;"Altus, OK Micropolitan Statistical Area";1;3;0;1;1;1;2;1;1;1
11140;"Americus, GA Micropolitan Statistical Area";1;1;1;1;1;1;1;1;1;1
11220;"Amsterdam, NY Micropolitan Statistical Area";1;1;1;1;1;1;1;1;1;1
11380;"Andrews, TX Micropolitan Statistical Area";0;0;0;0;0;1;1;0;0;0
11420;"Angola, IN Micropolitan Statistical Area";1;1;1;1;1;1;1;1;1;0
11580;"Arcadia, FL Micropolitan Statistical Area";1;0;0;0;0;0;0;0;0;0
11620;"Ardmore, OK Micropolitan Statistical Area";2;1;1;1;1;1;1;1;2;2
11660;"Arkadelphia, AR Micropolitan Statistical Area";0;0;0;0;0;0;0;0;0;0
11740;"Ashland, OH Micropolitan Statistical Area";1;1;1;1;2;1;2;2;1;1
11780;"Ashtabula, OH Micropolitan Statistical Area";2;2;3;3;3;3;3;3;3;1
11820;"Astoria, OR Micropolitan Statistical Area";2;2;1;1;1;1;3;3;3;3
11860;"Atchison, KS Micropolitan Statistical Area";1;1;1;1;1;1;1;1;1;1
11900;"Athens, OH Micropolitan Statistical Area";2;2;1;1;1;1;2;2;2;2
11940;"Athens, TN Micropolitan Statistical Area";2;2;2;2;2;2;2;2;1;1
11980;"Athens, TX Micropolitan Statistical Area";2;2;1;2;2;2;2;2;1;1
12140;"Auburn, IN Micropolitan Statistical Area";1;1;1;1;1;2;3;3;5;5
12180;"Auburn, NY Micropolitan Statistical Area";2;1;2;2;2;2;1;1;1;1
12300;"Augusta-Waterville, ME Micropolitan Statistical Area";3;3;4;4;4;5;4;4;4;4
12380;"Austin, MN Micropolitan Statistical Area";1;1;2;2;1;1;1;1;1;1
12460;"Bainbridge, GA Micropolitan Statistical Area";1;1;1;1;1;1;1;1;1;1
12660;"Baraboo, WI Micropolitan Statistical Area";4;4;4;4;4;4;4;4;4;2
12740;"Barre, VT Micropolitan Statistical Area";3;3;4;3;3;4;5;5;5;5
12780;"Bartlesville, OK Micropolitan Statistical Area";2;2;2;2;2;2;2;2;2;2
12820;"Bastrop, LA Micropolitan Statistical Area";1;2;1;1;1;1;0;0;1;1
12860;"Batavia, NY Micropolitan Statistical Area";2;2;4;2;2;1;1;1;1;1
12900;"Batesville, AR Micropolitan Statistical Area";1;2;2;2;2;1;1;1;1;1
13060;"Bay City, TX Micropolitan Statistical Area";0;0;1;1;1;1;1;1;1;1
13100;"Beatrice, NE Micropolitan Statistical Area";2;2;2;2;2;2;2;2;2;2
13180;"Beaver Dam, WI Micropolitan Statistical Area";1;1;1;1;2;1;1;1;1;1
13220;"Beckley, WV Micropolitan Statistical Area";3;6;4;3;4;4;1;2;2;1
13260;"Bedford, IN Micropolitan Statistical Area";2;2;2;2;2;3;2;2;2;2
13300;"Beeville, TX Micropolitan Statistical Area";0;0;1;1;1;1;1;1;1;1
13340;"Bellefontaine, OH Micropolitan Statistical Area";1;1;1;1;1;1;1;1;1;1
13420;"Bemidji, MN Micropolitan Statistical Area";1;1;1;1;1;1;1;2;2;2
13500;"Bennettsville, SC Micropolitan Statistical Area";0;0;0;0;0;0;0;0;0;0
13540;"Bennington, VT Micropolitan Statistical Area";3;3;3;4;2;2;2;2;2;2
13620;"Berlin, NH-VT Micropolitan Statistical Area";0;0;0;0;0;0;0;1;0;0
13660;"Big Rapids, MI Micropolitan Statistical Area";1;1;1;1;1;1;1;1;1;1
13700;"Big Spring, TX Micropolitan Statistical Area";3;4;4;4;3;3;3;2;3;3
13860;"Bishop, CA Micropolitan Statistical Area";1;1;1;1;1;1;1;1;1;1
13940;"Blackfoot, ID Micropolitan Statistical Area";3;2;1;1;1;1;0;0;0;0
14100;"Bloomsburg-Berwick, PA Micropolitan Statistical Area";1;1;1;1;1;1;1;1;1;1
14140;"Bluefield, WV-VA Micropolitan Statistical Area";2;2;2;1;1;2;2;2;1;1
14180;"Blytheville, AR Micropolitan Statistical Area";1;1;1;1;1;1;1;1;1;1
14220;"Bogalusa, LA Micropolitan Statistical Area";1;0;0;0;0;0;0;0;0;0
14300;"Bonham, TX Micropolitan Statistical Area";0;0;1;1;1;1;1;1;1;1
14340;"Boone, IA Micropolitan Statistical Area";1;1;1;1;1;1;1;1;1;0
14380;"Boone, NC Micropolitan Statistical Area";3;3;3;3;3;2;2;2;2;1
14420;"Borger, TX Micropolitan Statistical Area";0;0;0;0;1;1;1;1;1;0
14580;"Bozeman, MT Micropolitan Statistical Area";4;4;4;5;5;5;4;4;3;3
14620;"Bradford, PA Micropolitan Statistical Area";1;1;0;0;0;1;1;1;1;1
14660;"Brainerd, MN Micropolitan Statistical Area";2;2;3;3;3;3;3;2;2;2
14700;"Branson, MO Micropolitan Statistical Area";2;2;3;2;3;3;3;2;2;2
14780;"Brenham, TX Micropolitan Statistical Area";1;1;1;0;0;0;0;0;1;1
14820;"Brevard, NC Micropolitan Statistical Area";0;0;1;1;1;1;1;1;1;0
14940;"Brigham City, UT Micropolitan Statistical Area";0;1;1;1;1;1;1;1;1;1
15020;"Brookhaven, MS Micropolitan Statistical Area";1;1;1;1;1;1;1;1;1;1
15060;"Brookings, OR Micropolitan Statistical Area";0;0;0;0;0;0;0;0;0;0
15100;"Brookings, SD Micropolitan Statistical Area";0;0;0;1;1;1;1;1;1;1
15140;"Brownsville, TN Micropolitan Statistical Area";0;0;0;0;0;0;0;0;0;0
15220;"Brownwood, TX Micropolitan Statistical Area";1;1;1;1;1;1;1;1;1;1
15340;"Bucyrus, OH Micropolitan Statistical Area";1;2;1;1;1;1;2;0;0;0
15420;"Burley, ID Micropolitan Statistical Area";2;2;2;2;2;2;2;2;2;2
15460;"Burlington, IA-IL Micropolitan Statistical Area";1;1;1;1;1;1;1;1;1;1
15580;"Butte-Silver Bow, MT Micropolitan Statistical Area";1;1;1;1;1;1;1;1;1;1
15620;"Cadillac, MI Micropolitan Statistical Area";1;1;1;1;1;1;1;1;1;1
15660;"Calhoun, GA Micropolitan Statistical Area";1;1;1;1;1;1;1;1;1;1
15700;"Cambridge, MD Micropolitan Statistical Area";1;1;1;1;1;1;1;1;1;1
15740;"Cambridge, OH Micropolitan Statistical Area";1;1;1;1;1;1;1;1;1;1
15780;"Camden, AR Micropolitan Statistical Area";2;1;1;1;1;1;1;0;0;0
15820;"Campbellsville, KY Micropolitan Statistical Area";1;0;0;1;1;1;1;1;1;1
15860;"Caü¾Œ–˜¼on City, CO Micropolitan Statistical Area";1;1;1;1;2;1;1;1;1;1
15900;"Canton, IL Micropolitan Statistical Area";0;0;0;0;0;0;0;0;0;0
16060;"Carbondale, IL Micropolitan Statistical Area";3;3;2;3;2;2;2;2;2;2
16100;"Carlsbad-Artesia, NM Micropolitan Statistical Area";2;2;2;1;1;1;1;1;2;2
16260;"Cedar City, UT Micropolitan Statistical Area";4;4;3;3;3;3;2;2;2;2
16340;"Cedartown, GA Micropolitan Statistical Area";1;0;0;0;0;0;1;1;1;1
16380;"Celina, OH Micropolitan Statistical Area";1;1;2;1;1;1;1;1;1;1
16420;"Central City, KY Micropolitan Statistical Area";0;0;0;0;0;0;0;0;0;0
16460;"Centralia, IL Micropolitan Statistical Area";1;2;0;0;0;0;0;0;0;0
16500;"Centralia, WA Micropolitan Statistical Area";1;1;2;1;1;1;1;1;2;2
16540;"Chambersburg, PA Micropolitan Statistical Area";1;1;1;1;1;1;1;1;1;1
16660;"Charleston-Mattoon, IL Micropolitan Statistical Area";3;3;3;3;3;3;3;2;2;2
16900;"Chester, SC Micropolitan Statistical Area";0;0;0;0;0;0;0;0;0;0
17060;"Chillicothe, OH Micropolitan Statistical Area";2;1;1;1;1;0;1;1;1;1
17200;"Claremont, NH Micropolitan Statistical Area";0;0;0;0;0;0;0;0;0;0
17220;"Clarksburg, WV Micropolitan Statistical Area";2;1;1;1;1;1;1;0;1;1
17260;"Clarksdale, MS Micropolitan Statistical Area";0;0;0;0;0;0;0;0;0;0
17340;"Clearlake, CA Micropolitan Statistical Area";2;2;2;2;2;2;2;1;1;1
17380;"Cleveland, MS Micropolitan Statistical Area";1;1;1;1;1;1;1;0;0;0
17500;"Clewiston, FL Micropolitan Statistical Area";0;0;0;0;0;0;0;0;0;0
17540;"Clinton, IA Micropolitan Statistical Area";2;2;2;2;2;2;2;2;2;2
17580;"Clovis, NM Micropolitan Statistical Area";2;2;2;0;0;0;0;0;1;1
17700;"Coffeyville, KS Micropolitan Statistical Area";2;2;2;2;2;3;2;2;1;1
17740;"Coldwater, MI Micropolitan Statistical Area";0;0;1;1;1;2;2;1;2;2
17940;"Columbia, TN Micropolitan Statistical Area";1;1;1;1;1;1;1;2;0;0
18060;"Columbus, MS Micropolitan Statistical Area";4;4;4;4;4;4;2;1;1;1
18100;"Columbus, NE Micropolitan Statistical Area";1;1;1;1;1;1;1;1;1;1
18180;"Concord, NH Micropolitan Statistical Area";4;4;5;6;4;6;4;5;5;5
18220;"Connersville, IN Micropolitan Statistical Area";0;0;0;0;0;0;0;0;0;0
18260;"Cookeville, TN Micropolitan Statistical Area";2;2;1;1;1;1;1;1;0;1
18300;"Coos Bay, OR Micropolitan Statistical Area";1;0;0;0;0;0;1;1;1;1
18340;"Corbin, KY Micropolitan Statistical Area";1;1;2;2;3;3;3;2;2;2
18380;"Cordele, GA Micropolitan Statistical Area";1;1;1;1;1;0;1;1;1;1
18420;"Corinth, MS Micropolitan Statistical Area";1;0;0;0;1;1;1;1;1;1
18460;"Cornelia, GA Micropolitan Statistical Area";0;0;0;0;0;0;0;1;1;1
18500;"Corning, NY Micropolitan Statistical Area";2;2;2;2;2;2;2;3;4;4
18620;"Corsicana, TX Micropolitan Statistical Area";1;1;1;1;1;1;1;1;1;1
18660;"Cortland, NY Micropolitan Statistical Area";1;1;0;0;0;0;0;0;0;0
18740;"Coshocton, OH Micropolitan Statistical Area";1;1;0;0;0;0;1;1;1;0
18820;"Crawfordsville, IN Micropolitan Statistical Area";2;1;1;1;1;1;1;1;1;1
18860;"Crescent City, CA Micropolitan Statistical Area";0;0;0;0;0;0;1;1;1;1
18900;"Crossville, TN Micropolitan Statistical Area";1;1;1;1;1;1;2;2;1;1
18940;"Crowley, LA Micropolitan Statistical Area";1;1;1;1;1;1;1;1;2;1
18980;"Cullman, AL Micropolitan Statistical Area";1;1;1;1;1;2;1;1;1;1
19020;"Culpeper, VA Micropolitan Statistical Area";1;1;1;1;0;1;1;1;1;1
19220;"Danville, KY Micropolitan Statistical Area";1;1;1;1;2;2;1;1;1;1
19300;"Daphne-Fairhope-Foley, AL Micropolitan Statistical Area";1;1;3;2;3;3;4;4;3;3
19540;"Decatur, IN Micropolitan Statistical Area";0;0;0;0;0;0;0;0;0;0
19580;"Defiance, OH Micropolitan Statistical Area";1;1;1;1;1;1;1;1;2;1
19620;"Del Rio, TX Micropolitan Statistical Area";1;1;1;1;1;1;1;1;1;1
19700;"Deming, NM Micropolitan Statistical Area";0;0;0;0;0;0;0;0;0;0
19760;"DeRidder, LA Micropolitan Statistical Area";0;0;0;0;0;0;0;0;0;0
19860;"Dickinson, ND Micropolitan Statistical Area";1;1;1;1;1;1;1;1;1;1
19900;"Dillon, SC Micropolitan Statistical Area";0;0;0;0;0;0;0;0;0;0
19940;"Dixon, IL Micropolitan Statistical Area";1;1;1;1;1;1;1;1;0;0
19980;"Dodge City, KS Micropolitan Statistical Area";0;1;1;1;1;1;1;2;2;2
20060;"Douglas, GA Micropolitan Statistical Area";1;1;1;1;1;1;1;2;1;1
20140;"Dublin, GA Micropolitan Statistical Area";1;1;1;1;1;1;1;1;1;1
20180;"DuBois, PA Micropolitan Statistical Area";2;2;2;2;2;2;2;2;2;2
20300;"Dumas, TX Micropolitan Statistical Area";1;1;1;1;1;1;1;1;1;1
20340;"Duncan, OK Micropolitan Statistical Area";2;2;2;2;2;2;2;2;2;2
20380;"Dunn, NC Micropolitan Statistical Area";1;1;1;1;1;1;1;1;1;0
20420;"Durango, CO Micropolitan Statistical Area";0;1;2;2;2;3;4;3;4;4
20460;"Durant, OK Micropolitan Statistical Area";1;1;1;2;2;1;1;1;1;1
20540;"Dyersburg, TN Micropolitan Statistical Area";1;1;1;1;1;1;1;1;1;1
20580;"Eagle Pass, TX Micropolitan Statistical Area";1;1;1;1;1;2;1;1;1;1
20620;"East Liverpool-Salem, OH Micropolitan Statistical Area";1;1;1;1;1;1;1;1;0;0
20660;"Easton, MD Micropolitan Statistical Area";1;1;1;1;0;0;0;1;1;1
20700;"East Stroudsburg, PA Micropolitan Statistical Area";3;3;4;4;4;4;5;6;4;3
20780;"Edwards, CO Micropolitan Statistical Area";4;4;4;4;4;5;4;4;3;2
20820;"Effingham, IL Micropolitan Statistical Area";1;1;0;0;0;1;1;1;1;1
20900;"El Campo, TX Micropolitan Statistical Area";1;1;1;1;1;1;1;1;1;1
20980;"El Dorado, AR Micropolitan Statistical Area";3;4;4;4;3;3;4;1;1;1
21020;"Elizabeth City, NC Micropolitan Statistical Area";1;1;1;1;1;1;1;1;1;1
21120;"Elk City, OK Micropolitan Statistical Area";2;2;3;2;1;1;1;1;1;1
21220;"Elko, NV Micropolitan Statistical Area";1;1;1;1;2;2;2;2;2;2
21260;"Ellensburg, WA Micropolitan Statistical Area";1;1;2;2;3;3;3;3;4;4
21380;"Emporia, KS Micropolitan Statistical Area";1;1;1;1;1;1;1;1;1;1
21420;"Enid, OK Micropolitan Statistical Area";2;1;1;1;1;2;2;1;1;1
21460;"Enterprise-Ozark, AL Micropolitan Statistical Area";4;4;4;4;4;4;4;4;4;4
21540;"Escanaba, MI Micropolitan Statistical Area";0;0;0;0;0;0;0;1;1;1
21580;"Espanola, NM Micropolitan Statistical Area";1;1;1;1;1;1;1;1;1;1
21640;"Eufaula, AL-GA Micropolitan Statistical Area";0;0;0;0;0;0;0;0;0;0
21700;"Eureka-Arcata-Fortuna, CA Micropolitan Statistical Area";4;5;4;3;3;3;7;7;7;7
21740;"Evanston, WY Micropolitan Statistical Area";0;0;0;0;0;1;1;1;2;2
21860;"Fairmont, MN Micropolitan Statistical Area";1;1;1;1;1;1;1;1;1;1
21900;"Fairmont, WV Micropolitan Statistical Area";2;2;2;2;2;2;2;1;1;1
21980;"Fallon, NV Micropolitan Statistical Area";1;1;1;1;1;1;1;1;1;1
22060;"Faribault-Northfield, MN Micropolitan Statistical Area";2;2;2;2;2;2;2;1;1;1
22100;"Farmington, MO Micropolitan Statistical Area";2;2;2;2;2;2;2;2;2;2
22260;"Fergus Falls, MN Micropolitan Statistical Area";1;1;2;1;1;1;1;1;1;1
22280;"Fernley, NV Micropolitan Statistical Area";0;0;0;0;0;0;0;0;0;0
22300;"Findlay, OH Micropolitan Statistical Area";2;1;1;1;1;2;2;2;2;2
22340;"Fitzgerald, GA Micropolitan Statistical Area";1;1;1;1;1;1;1;0;0;0
22580;"Forest City, NC Micropolitan Statistical Area";1;1;1;1;1;1;1;1;1;2
22620;"Forrest City, AR Micropolitan Statistical Area";1;1;1;1;1;1;1;1;1;1
22700;"Fort Dodge, IA Micropolitan Statistical Area";1;1;1;1;1;1;1;1;1;1
22780;"Fort Leonard Wood, MO Micropolitan Statistical Area";2;1;1;1;1;1;1;1;1;1
22800;"Fort Madison-Keokuk, IA-MO Micropolitan Statistical Area";0;0;1;2;2;2;2;1;2;2
22820;"Fort Morgan, CO Micropolitan Statistical Area";1;1;1;2;2;2;2;2;2;2
22840;"Fort Payne, AL Micropolitan Statistical Area";1;1;1;1;1;1;2;1;1;1
22860;"Fort Polk South, LA Micropolitan Statistical Area";1;1;1;1;1;1;1;1;1;1
22980;"Fort Valley, GA Micropolitan Statistical Area";0;0;0;0;0;0;0;0;0;0
23140;"Frankfort, IN Micropolitan Statistical Area";0;0;1;1;1;1;1;0;0;0
23180;"Frankfort, KY Micropolitan Statistical Area";2;2;2;2;2;2;2;2;1;1
23240;"Fredericksburg, TX Micropolitan Statistical Area";1;1;1;0;0;1;1;1;1;1
23300;"Freeport, IL Micropolitan Statistical Area";1;1;1;1;1;1;1;1;1;1
23340;"Fremont, NE Micropolitan Statistical Area";1;1;1;0;0;0;0;0;0;1
23380;"Fremont, OH Micropolitan Statistical Area";1;1;1;1;1;1;1;1;1;1
23500;"Gaffney, SC Micropolitan Statistical Area";0;0;0;0;0;0;0;1;1;1
23620;"Gainesville, TX Micropolitan Statistical Area";0;0;0;0;0;0;0;0;0;0
23660;"Galesburg, IL Micropolitan Statistical Area";2;2;2;3;1;1;1;1;1;1
23700;"Gallup, NM Micropolitan Statistical Area";3;3;3;2;0;0;0;0;2;2
23780;"Garden City, KS Micropolitan Statistical Area";1;1;1;1;1;1;1;1;1;1
23820;"Gardnerville Ranchos, NV Micropolitan Statistical Area";2;2;2;3;3;3;2;3;3;2
23860;"Georgetown, SC Micropolitan Statistical Area";1;1;1;1;1;1;1;0;0;0
23900;"Gettysburg, PA Micropolitan Statistical Area";1;1;0;0;0;0;2;2;2;2
23940;"Gillette, WY Micropolitan Statistical Area";2;2;2;2;2;2;2;2;2;2
23980;"Glasgow, KY Micropolitan Statistical Area";2;3;1;1;1;1;1;1;1;1
24100;"Gloversville, NY Micropolitan Statistical Area";2;1;1;1;1;1;1;1;1;1
24180;"Granbury, TX Micropolitan Statistical Area";2;3;2;1;1;2;0;0;0;1
24260;"Grand Island, NE Micropolitan Statistical Area";4;4;4;4;4;4;4;3;3;3
24380;"Grants, NM Micropolitan Statistical Area";1;1;1;1;1;1;1;1;0;0
24420;"Grants Pass, OR Micropolitan Statistical Area";0;0;0;0;0;0;2;2;2;2
24460;"Great Bend, KS Micropolitan Statistical Area";1;1;1;1;1;1;1;1;1;1
24620;"Greeneville, TN Micropolitan Statistical Area";1;1;1;1;1;1;2;2;2;0
24700;"Greensburg, IN Micropolitan Statistical Area";0;0;1;1;1;1;1;1;1;1
24740;"Greenville, MS Micropolitan Statistical Area";1;1;1;1;1;2;1;1;1;1
24820;"Greenville, OH Micropolitan Statistical Area";0;0;0;0;0;0;0;1;1;1
24900;"Greenwood, MS Micropolitan Statistical Area";1;1;1;0;0;0;0;0;0;0
24940;"Greenwood, SC Micropolitan Statistical Area";2;1;1;1;1;2;2;1;1;1
24980;"Grenada, MS Micropolitan Statistical Area";1;1;1;1;1;1;1;1;1;1
25100;"Guymon, OK Micropolitan Statistical Area";1;1;1;1;1;1;2;1;1;1
25220;"Hammond, LA Micropolitan Statistical Area";0;0;2;1;1;1;1;1;1;1
25300;"Hannibal, MO Micropolitan Statistical Area";1;1;1;1;1;1;1;1;1;1
25340;"Harriman, TN Micropolitan Statistical Area";0;0;0;0;0;0;0;0;0;0
25380;"Harrisburg, IL Micropolitan Statistical Area";1;1;1;1;1;1;1;1;1;1
25460;"Harrison, AR Micropolitan Statistical Area";1;1;1;1;1;1;1;1;1;1
25580;"Hastings, NE Micropolitan Statistical Area";2;1;1;1;1;1;1;2;2;2
25660;"Havre, MT Micropolitan Statistical Area";1;1;1;1;1;1;1;1;1;1
25700;"Hays, KS Micropolitan Statistical Area";2;2;2;2;2;1;1;1;1;1
25720;"Heber, UT Micropolitan Statistical Area";1;0;0;0;0;1;1;1;1;1
25740;"Helena, MT Micropolitan Statistical Area";3;3;3;3;4;5;5;3;2;2
25760;"Helena-West Helena, AR Micropolitan Statistical Area";0;0;0;0;0;0;0;0;0;0
25780;"Henderson, NC Micropolitan Statistical Area";1;1;2;2;2;2;2;1;1;1
25820;"Hereford, TX Micropolitan Statistical Area";1;1;0;0;0;0;0;0;0;0
25900;"Hilo, HI Micropolitan Statistical Area";8;8;8;9;7;5;5;5;6;5
25940;"Hilton Head Island-Beaufort, SC Micropolitan Statistical Area";3;3;5;3;4;4;4;4;3;3
26020;"Hobbs, NM Micropolitan Statistical Area";3;2;2;0;0;0;0;0;1;1
26140;"Homosassa Springs, FL Micropolitan Statistical Area";2;2;2;2;2;2;2;2;2;2
26220;"Hood River, OR Micropolitan Statistical Area";1;0;0;0;0;0;1;1;1;1
26260;"Hope, AR Micropolitan Statistical Area";0;0;0;0;0;0;0;0;0;0
26340;"Houghton, MI Micropolitan Statistical Area";3;3;3;3;3;3;1;2;2;1
26460;"Hudson, NY Micropolitan Statistical Area";4;4;5;5;5;5;5;4;3;3
26480;"Humboldt, TN Micropolitan Statistical Area";1;1;1;1;1;1;1;2;2;2
26500;"Huntingdon, PA Micropolitan Statistical Area";1;1;1;1;1;1;1;1;1;1
26540;"Huntington, IN Micropolitan Statistical Area";1;1;1;1;1;1;1;1;1;1
26660;"Huntsville, TX Micropolitan Statistical Area";2;2;2;2;2;2;2;2;2;2
26700;"Huron, SD Micropolitan Statistical Area";1;1;1;1;1;1;1;1;1;1
26740;"Hutchinson, KS Micropolitan Statistical Area";2;2;2;2;2;1;1;1;1;1
26780;"Hutchinson, MN Micropolitan Statistical Area";1;1;1;1;1;1;1;1;1;1
26860;"Indiana, PA Micropolitan Statistical Area";2;1;1;1;1;1;1;2;1;1
26940;"Indianola, MS Micropolitan Statistical Area";0;0;0;0;0;0;0;0;0;0
27020;"Iron Mountain, MI-WI Micropolitan Statistical Area";1;1;1;1;1;1;1;1;1;1
27220;"Jackson, WY-ID Micropolitan Statistical Area";3;3;4;4;4;4;4;4;4;4
27300;"Jacksonville, IL Micropolitan Statistical Area";2;2;2;2;2;2;2;3;3;1
27380;"Jacksonville, TX Micropolitan Statistical Area";1;0;0;0;0;0;0;1;1;1
27420;"Jamestown, ND Micropolitan Statistical Area";2;2;2;2;2;2;2;2;2;2
27460;"Jamestown-Dunkirk-Fredonia, NY Micropolitan Statistical Area";4;3;4;4;4;4;4;4;4;4
27540;"Jasper, IN Micropolitan Statistical Area";2;2;2;1;1;1;1;1;1;1
27660;"Jennings, LA Micropolitan Statistical Area";0;0;0;0;0;0;0;0;0;0
27700;"Jesup, GA Micropolitan Statistical Area";0;0;0;0;0;0;0;0;0;0
27940;"Juneau, AK Micropolitan Statistical Area";2;2;2;2;2;2;3;3;2;2
27980;"Kahului-Wailuku, HI Micropolitan Statistical Area";5;5;8;8;7;6;6;6;9;8
28060;"Kalispell, MT Micropolitan Statistical Area";4;4;4;4;4;4;4;4;2;2
28180;"Kapaa, HI Micropolitan Statistical Area";3;3;2;2;2;2;2;2;2;1
28260;"Kearney, NE Micropolitan Statistical Area";2;2;2;2;2;2;2;2;2;1
28300;"Keene, NH Micropolitan Statistical Area";1;0;1;1;1;1;1;1;1;1
28340;"Kendallville, IN Micropolitan Statistical Area";0;0;0;0;0;0;0;1;1;1
28380;"Kennett, MO Micropolitan Statistical Area";1;1;1;1;1;1;1;1;1;1
28500;"Kerrville, TX Micropolitan Statistical Area";0;0;1;1;1;1;1;0;0;0
28540;"Ketchikan, AK Micropolitan Statistical Area";1;1;1;1;1;1;1;1;1;1
28580;"Key West, FL Micropolitan Statistical Area";4;4;3;3;3;3;3;3;4;5
28620;"Kill Devil Hills, NC Micropolitan Statistical Area";0;0;4;4;4;2;2;2;2;2
28780;"Kingsville, TX Micropolitan Statistical Area";0;0;1;1;1;1;1;1;1;1
28820;"Kinston, NC Micropolitan Statistical Area";2;1;1;1;1;1;1;1;1;1
28860;"Kirksville, MO Micropolitan Statistical Area";1;1;1;1;1;1;1;1;1;1
28900;"Klamath Falls, OR Micropolitan Statistical Area";0;0;0;0;0;0;1;1;1;1
28980;"Kodiak, AK Micropolitan Statistical Area";1;1;1;1;1;1;1;1;1;1
29060;"Laconia, NH Micropolitan Statistical Area";4;4;4;3;3;4;2;4;2;2
29220;"La Follette, TN Micropolitan Statistical Area";1;1;1;1;1;1;1;1;1;1
29260;"La Grande, OR Micropolitan Statistical Area";1;1;1;1;1;1;1;1;1;1
29300;"LaGrange, GA Micropolitan Statistical Area";1;1;1;1;1;1;2;1;1;1
29380;"Lake City, FL Micropolitan Statistical Area";1;1;1;1;1;1;1;1;1;1
29500;"Lamesa, TX Micropolitan Statistical Area";2;1;2;1;1;1;1;1;1;1
29580;"Lancaster, SC Micropolitan Statistical Area";0;0;0;0;0;0;0;0;0;0
29660;"Laramie, WY Micropolitan Statistical Area";2;2;1;1;1;1;1;1;1;1
29780;"Las Vegas, NM Micropolitan Statistical Area";3;3;2;2;2;1;1;1;1;1
29860;"Laurel, MS Micropolitan Statistical Area";1;1;1;1;1;1;1;1;1;1
29900;"Laurinburg, NC Micropolitan Statistical Area";1;1;1;1;1;1;1;1;1;1
29980;"Lawrenceburg, TN Micropolitan Statistical Area";1;1;1;1;1;1;1;1;1;1
30060;"Lebanon, MO Micropolitan Statistical Area";1;1;1;1;1;1;1;1;1;1
30100;"Lebanon, NH-VT Micropolitan Statistical Area";7;7;7;7;8;6;5;7;6;6
30220;"Levelland, TX Micropolitan Statistical Area";0;0;0;0;0;0;0;0;0;0
30260;"Lewisburg, PA Micropolitan Statistical Area";1;2;1;1;1;2;1;1;1;1
30280;"Lewisburg, TN Micropolitan Statistical Area";0;0;0;0;0;0;0;0;0;0
30380;"Lewistown, PA Micropolitan Statistical Area";1;1;1;1;1;1;1;1;1;1
30420;"Lexington, NE Micropolitan Statistical Area";1;1;2;2;2;2;2;1;1;1
30500;"Lexington Park, MD Micropolitan Statistical Area";1;1;1;1;1;1;1;1;1;1
30580;"Liberal, KS Micropolitan Statistical Area";1;1;1;0;0;1;0;1;1;1
30660;"Lincoln, IL Micropolitan Statistical Area";1;1;1;1;1;1;1;1;1;1
30740;"Lincolnton, NC Micropolitan Statistical Area";1;1;1;1;1;1;1;1;1;1
30820;"Lock Haven, PA Micropolitan Statistical Area";0;0;0;0;0;0;0;0;0;1
30900;"Logansport, IN Micropolitan Statistical Area";1;1;1;1;1;1;1;1;1;1
30940;"London, KY Micropolitan Statistical Area";1;1;1;1;1;1;1;1;1;1
31060;"Los Alamos, NM Micropolitan Statistical Area";1;0;1;1;1;1;1;1;1;1
31260;"Lufkin, TX Micropolitan Statistical Area";3;3;3;3;3;4;3;2;2;2
31300;"Lumberton, NC Micropolitan Statistical Area";2;2;3;2;2;3;3;2;2;2
31380;"Macomb, IL Micropolitan Statistical Area";2;2;2;2;2;1;1;1;1;1
31500;"Madison, IN Micropolitan Statistical Area";1;1;1;1;1;2;2;2;2;2
31580;"Madisonville, KY Micropolitan Statistical Area";1;1;1;1;3;3;2;2;0;0
31620;"Magnolia, AR Micropolitan Statistical Area";1;1;1;1;0;0;0;0;0;0
31660;"Malone, NY Micropolitan Statistical Area";2;2;2;2;3;3;3;1;1;1
31820;"Manitowoc, WI Micropolitan Statistical Area";1;1;1;2;3;1;2;2;2;2
31940;"Marinette, WI-MI Micropolitan Statistical Area";1;1;2;1;1;1;1;1;1;1
31980;"Marion, IN Micropolitan Statistical Area";2;1;1;1;1;1;1;1;1;1
32020;"Marion, OH Micropolitan Statistical Area";1;1;1;1;1;1;1;1;1;1
32060;"Marion-Herrin, IL Micropolitan Statistical Area";1;1;1;1;1;1;1;1;1;1
32100;"Marquette, MI Micropolitan Statistical Area";3;2;3;3;3;3;3;3;3;3
32140;"Marshall, MN Micropolitan Statistical Area";1;1;1;1;1;1;1;1;1;1
32180;"Marshall, MO Micropolitan Statistical Area";1;1;1;1;1;1;1;1;1;1
32220;"Marshall, TX Micropolitan Statistical Area";1;1;1;1;1;1;1;1;1;1
32260;"Marshalltown, IA Micropolitan Statistical Area";2;2;2;1;1;1;1;1;1;1
32270;"Marshfield-Wisconsin Rapids, WI Micropolitan Statistical Area";2;2;2;2;2;2;2;2;2;2
32280;"Martin, TN Micropolitan Statistical Area";0;0;0;0;0;0;0;1;1;1
32300;"Martinsville, VA Micropolitan Statistical Area";2;2;2;2;2;1;1;1;1;1
32340;"Maryville, MO Micropolitan Statistical Area";1;1;1;1;1;1;1;1;1;1
32380;"Mason City, IA Micropolitan Statistical Area";4;4;3;3;3;3;3;3;3;3
32460;"Mayfield, KY Micropolitan Statistical Area";0;0;0;0;0;1;1;1;1;1
32500;"Maysville, KY Micropolitan Statistical Area";1;1;1;1;1;1;1;1;1;1
32540;"McAlester, OK Micropolitan Statistical Area";1;1;1;1;1;1;1;1;1;1
32620;"McComb, MS Micropolitan Statistical Area";1;1;1;1;0;0;0;0;0;0
32660;"McMinnville, TN Micropolitan Statistical Area";1;1;1;1;1;1;1;1;1;1
32700;"McPherson, KS Micropolitan Statistical Area";1;1;1;1;1;1;1;1;1;1
32740;"Meadville, PA Micropolitan Statistical Area";2;2;2;2;3;3;3;3;2;3
32860;"Menomonie, WI Micropolitan Statistical Area";0;0;2;1;1;2;2;2;2;1
32940;"Meridian, MS Micropolitan Statistical Area";2;1;1;1;1;1;1;1;1;1
32980;"Merrill, WI Micropolitan Statistical Area";0;1;1;1;2;1;1;1;1;1
33020;"Mexico, MO Micropolitan Statistical Area";2;2;2;2;2;2;2;2;2;2
33060;"Miami, OK Micropolitan Statistical Area";1;1;1;1;1;1;0;0;1;1
33180;"Middlesborough, KY Micropolitan Statistical Area";1;1;1;1;1;1;1;1;1;1
33220;"Midland, MI Micropolitan Statistical Area";1;1;0;0;0;1;1;2;3;3
33300;"Milledgeville, GA Micropolitan Statistical Area";1;1;1;1;1;1;1;1;1;1
33380;"Minden, LA Micropolitan Statistical Area";0;0;0;0;0;0;0;1;0;1
33420;"Mineral Wells, TX Micropolitan Statistical Area";0;0;0;0;0;0;0;1;1;1
33500;"Minot, ND Micropolitan Statistical Area";2;2;2;3;3;2;2;2;2;2
33580;"Mitchell, SD Micropolitan Statistical Area";1;1;1;1;1;1;1;1;1;1
33620;"Moberly, MO Micropolitan Statistical Area";1;1;1;1;1;1;1;1;1;1
33820;"Monroe, WI Micropolitan Statistical Area";1;1;1;1;1;1;1;1;1;1
33940;"Montrose, CO Micropolitan Statistical Area";2;2;1;1;1;1;1;2;2;2
33980;"Morehead City, NC Micropolitan Statistical Area";4;4;3;3;3;3;3;3;3;3
34020;"Morgan City, LA Micropolitan Statistical Area";2;2;2;2;2;1;2;2;2;2
34140;"Moscow, ID Micropolitan Statistical Area";1;2;2;2;2;2;2;2;2;1
34180;"Moses Lake, WA Micropolitan Statistical Area";2;4;3;2;2;2;3;2;4;3
34220;"Moultrie, GA Micropolitan Statistical Area";1;1;1;1;1;1;1;1;0;0
34260;"Mountain Home, AR Micropolitan Statistical Area";2;2;2;2;2;2;2;2;2;2
34300;"Mountain Home, ID Micropolitan Statistical Area";2;2;2;1;1;1;1;1;1;1
34340;"Mount Airy, NC Micropolitan Statistical Area";2;1;1;1;2;2;1;1;1;1
34380;"Mount Pleasant, MI Micropolitan Statistical Area";3;1;2;1;1;1;1;1;1;1
34420;"Mount Pleasant, TX Micropolitan Statistical Area";1;1;1;1;1;0;0;1;1;1
34460;"Mount Sterling, KY Micropolitan Statistical Area";0;1;1;1;1;1;1;1;1;1
34500;"Mount Vernon, IL Micropolitan Statistical Area";1;1;1;1;1;1;1;1;1;1
34540;"Mount Vernon, OH Micropolitan Statistical Area";1;1;1;1;1;1;1;1;1;1
34660;"Murray, KY Micropolitan Statistical Area";2;2;2;2;2;2;2;1;1;1
34700;"Muscatine, IA Micropolitan Statistical Area";1;1;1;2;2;2;3;2;2;2
34780;"Muskogee, OK Micropolitan Statistical Area";3;3;2;2;2;2;2;2;2;2
34860;"Nacogdoches, TX Micropolitan Statistical Area";2;2;1;1;1;1;1;1;1;1
35020;"Natchez, MS-LA Micropolitan Statistical Area";1;1;1;1;1;1;1;1;1;1
35060;"Natchitoches, LA Micropolitan Statistical Area";0;0;1;1;1;1;1;1;1;1
35100;"New Bern, NC Micropolitan Statistical Area";2;3;2;2;3;2;2;2;3;3
35140;"Newberry, SC Micropolitan Statistical Area";0;0;0;0;0;0;0;0;0;0
35220;"New Castle, IN Micropolitan Statistical Area";1;1;1;1;1;1;1;1;1;1
35260;"New Castle, PA Micropolitan Statistical Area";1;1;1;1;1;1;1;1;1;2
35340;"New Iberia, LA Micropolitan Statistical Area";1;1;1;1;1;1;0;0;1;1
35420;"New Philadelphia-Dover, OH Micropolitan Statistical Area";2;2;2;2;2;2;2;2;2;2
35460;"Newport, TN Micropolitan Statistical Area";1;1;1;1;1;1;1;1;1;1
35500;"Newton, IA Micropolitan Statistical Area";1;1;1;1;1;1;2;1;1;1
35580;"New Ulm, MN Micropolitan Statistical Area";1;1;1;1;1;1;1;1;1;1
35700;"Nogales, AZ Micropolitan Statistical Area";0;0;0;0;0;0;0;0;1;1
35740;"Norfolk, NE Micropolitan Statistical Area";1;1;1;1;1;1;1;1;1;1
35820;"North Platte, NE Micropolitan Statistical Area";1;1;1;1;1;2;1;1;1;1
35860;"North Vernon, IN Micropolitan Statistical Area";0;0;0;0;0;0;0;0;0;0
35900;"North Wilkesboro, NC Micropolitan Statistical Area";1;0;0;0;0;0;0;0;0;0
35940;"Norwalk, OH Micropolitan Statistical Area";0;0;0;0;0;1;1;1;1;1
36020;"Oak Harbor, WA Micropolitan Statistical Area";2;4;2;2;2;2;1;2;2;2
36060;"Oak Hill, WV Micropolitan Statistical Area";1;1;1;1;1;1;1;0;0;0
36180;"Ocean Pines, MD Micropolitan Statistical Area";2;1;1;1;1;1;1;1;0;0
36300;"Ogdensburg-Massena, NY Micropolitan Statistical Area";5;4;4;4;4;4;4;4;3;3
36340;"Oil City, PA Micropolitan Statistical Area";1;1;1;1;1;1;1;1;1;1
36380;"Okeechobee, FL Micropolitan Statistical Area";0;0;1;1;1;1;1;1;1;1
36460;"Olean, NY Micropolitan Statistical Area";3;2;2;1;1;1;1;1;1;1
36580;"Oneonta, NY Micropolitan Statistical Area";2;1;2;2;2;2;2;2;2;1
36620;"Ontario, OR-ID Micropolitan Statistical Area";2;1;0;0;0;0;0;0;0;0
36660;"Opelousas-Eunice, LA Micropolitan Statistical Area";2;1;1;1;1;1;2;2;2;2
36700;"Orangeburg, SC Micropolitan Statistical Area";1;1;1;1;1;1;1;1;1;1
36820;"Oskaloosa, IA Micropolitan Statistical Area";1;1;2;2;2;2;2;2;2;3
36860;"Ottawa-Streator, IL Micropolitan Statistical Area";3;3;2;3;1;2;1;4;4;5
36900;"Ottumwa, IA Micropolitan Statistical Area";1;1;2;2;2;2;2;2;2;2
36940;"Owatonna, MN Micropolitan Statistical Area";1;1;1;1;1;1;1;1;1;1
37020;"Owosso, MI Micropolitan Statistical Area";2;2;2;2;2;3;3;2;3;3
37060;"Oxford, MS Micropolitan Statistical Area";1;1;1;1;1;2;2;2;1;2
37140;"Paducah, KY-IL Micropolitan Statistical Area";1;1;2;1;1;1;1;1;1;1
37220;"Pahrump, NV Micropolitan Statistical Area";0;0;0;0;0;0;0;0;0;0
37260;"Palatka, FL Micropolitan Statistical Area";0;1;1;1;1;2;2;1;1;1
37300;"Palestine, TX Micropolitan Statistical Area";1;1;1;1;1;1;1;1;1;1
37420;"Pampa, TX Micropolitan Statistical Area";0;1;0;0;0;0;1;1;1;1
37500;"Paragould, AR Micropolitan Statistical Area";2;2;2;1;1;2;1;1;1;1
37540;"Paris, TN Micropolitan Statistical Area";1;1;1;1;1;1;1;1;1;1
37580;"Paris, TX Micropolitan Statistical Area";1;1;1;1;1;1;1;1;1;1
37660;"Parsons, KS Micropolitan Statistical Area";2;1;1;1;1;1;1;1;1;1
37740;"Payson, AZ Micropolitan Statistical Area";2;3;2;2;2;2;2;2;2;2
37780;"Pecos, TX Micropolitan Statistical Area";0;0;0;0;0;0;0;0;0;0
37800;"Pella, IA Micropolitan Statistical Area";3;3;2;2;2;2;3;2;2;2
37820;"Pendleton-Hermiston, OR Micropolitan Statistical Area";1;0;2;2;2;2;2;2;2;2
37940;"Peru, IN Micropolitan Statistical Area";1;1;1;1;1;1;1;1;1;1
38020;"Phoenix Lake-Cedar Ridge, CA Micropolitan Statistical Area";2;3;2;2;2;2;1;2;2;2
38100;"Picayune, MS Micropolitan Statistical Area";0;0;1;1;1;1;1;1;1;0
38180;"Pierre, SD Micropolitan Statistical Area";0;0;0;0;0;0;0;1;1;1
38200;"Pierre Part, LA Micropolitan Statistical Area";0;0;0;0;0;0;0;0;0;0
38260;"Pittsburg, KS Micropolitan Statistical Area";1;1;1;1;1;1;1;1;1;1
38380;"Plainview, TX Micropolitan Statistical Area";1;1;1;1;1;1;1;1;1;1
38420;"Platteville, WI Micropolitan Statistical Area";1;3;4;3;3;3;3;2;2;1
38460;"Plattsburgh, NY Micropolitan Statistical Area";1;1;1;2;1;2;1;1;1;1
38500;"Plymouth, IN Micropolitan Statistical Area";2;1;2;2;2;2;2;1;1;1
38580;"Point Pleasant, WV-OH Micropolitan Statistical Area";2;3;2;2;2;2;2;2;2;0
38620;"Ponca City, OK Micropolitan Statistical Area";1;2;2;2;2;2;2;2;2;2
38700;"Pontiac, IL Micropolitan Statistical Area";1;1;0;0;0;0;0;0;0;0
38740;"Poplar Bluff, MO Micropolitan Statistical Area";1;1;1;1;1;1;1;1;1;1
38780;"Portales, NM Micropolitan Statistical Area";1;1;1;0;0;0;0;0;1;1
38820;"Port Angeles, WA Micropolitan Statistical Area";0;0;0;0;0;0;0;0;0;0
39020;"Portsmouth, OH Micropolitan Statistical Area";1;1;1;1;1;1;1;1;2;1
39060;"Pottsville, PA Micropolitan Statistical Area";2;1;1;2;2;2;2;2;2;2
39220;"Price, UT Micropolitan Statistical Area";0;0;1;1;1;1;1;0;0;0
39260;"Prineville, OR Micropolitan Statistical Area";0;0;0;0;0;0;0;0;1;1
39420;"Pullman, WA Micropolitan Statistical Area";1;1;1;2;2;1;1;1;1;1
39500;"Quincy, IL-MO Micropolitan Statistical Area";2;2;2;2;2;2;2;2;2;2
39700;"Raymondville, TX Micropolitan Statistical Area";0;0;0;0;0;0;0;0;0;0
39780;"Red Bluff, CA Micropolitan Statistical Area";1;0;0;0;0;0;0;1;1;1
39860;"Red Wing, MN Micropolitan Statistical Area";2;2;2;2;2;2;2;2;2;2
39940;"Rexburg, ID Micropolitan Statistical Area";3;3;2;2;2;2;2;1;1;1
39980;"Richmond, IN Micropolitan Statistical Area";2;2;2;2;2;2;2;2;2;2
40080;"Richmond-Berea, KY Micropolitan Statistical Area";2;2;2;2;2;2;2;2;3;3
40100;"Rio Grande City-Roma, TX Micropolitan Statistical Area";0;0;0;0;0;0;0;0;0;0
40180;"Riverton, WY Micropolitan Statistical Area";3;3;3;3;3;3;3;3;3;3
40260;"Roanoke Rapids, NC Micropolitan Statistical Area";1;1;1;2;2;2;2;2;2;1
40300;"Rochelle, IL Micropolitan Statistical Area";0;0;0;0;0;0;0;0;0;0
40460;"Rockingham, NC Micropolitan Statistical Area";1;1;0;0;0;0;0;0;0;0
40500;"Rockland, ME Micropolitan Statistical Area";3;1;1;1;3;3;3;3;3;3
40540;"Rock Springs, WY Micropolitan Statistical Area";1;0;1;1;1;1;1;1;1;1
40620;"Rolla, MO Micropolitan Statistical Area";1;1;1;1;1;1;1;1;1;1
40700;"Roseburg, OR Micropolitan Statistical Area";1;0;0;0;0;0;2;2;2;2
40740;"Roswell, NM Micropolitan Statistical Area";3;3;3;0;0;0;1;1;2;1
40760;"Ruidoso, NM Micropolitan Statistical Area";0;0;0;1;1;0;0;0;1;1
40780;"Russellville, AR Micropolitan Statistical Area";2;2;3;2;2;2;2;1;1;1
40820;"Ruston, LA Micropolitan Statistical Area";0;0;0;0;0;0;1;1;1;1
40860;"Rutland, VT Micropolitan Statistical Area";3;3;2;2;2;2;2;2;2;3
40940;"Safford, AZ Micropolitan Statistical Area";2;2;2;2;2;2;2;2;2;2
41220;"St. Marys, GA Micropolitan Statistical Area";0;1;1;1;1;1;1;1;1;1
41260;"St. Marys, PA Micropolitan Statistical Area";0;0;0;0;0;1;0;0;0;0
41460;"Salina, KS Micropolitan Statistical Area";3;2;2;2;2;1;1;1;1;1
41580;"Salisbury, NC Micropolitan Statistical Area";2;2;1;1;1;1;1;1;1;1
41820;"Sanford, NC Micropolitan Statistical Area";1;1;1;1;2;2;2;2;1;2
42300;"Sault Ste. Marie, MI Micropolitan Statistical Area";1;1;1;1;1;1;1;1;1;1
42380;"Sayre, PA Micropolitan Statistical Area";1;1;1;1;1;1;4;4;4;4
42420;"Scottsbluff, NE Micropolitan Statistical Area";3;3;2;2;2;2;2;2;2;2
42460;"Scottsboro, AL Micropolitan Statistical Area";0;0;0;1;2;1;1;1;1;1
42500;"Scottsburg, IN Micropolitan Statistical Area";1;1;1;0;0;0;0;0;0;0
42580;"Seaford, DE Micropolitan Statistical Area";2;3;3;3;4;4;4;4;4;3
42620;"Searcy, AR Micropolitan Statistical Area";1;1;3;2;2;2;2;2;2;2
42700;"Sebring, FL Micropolitan Statistical Area";1;1;1;1;1;1;1;1;1;1
42740;"Sedalia, MO Micropolitan Statistical Area";1;1;1;1;1;1;1;1;1;1
42780;"Selinsgrove, PA Micropolitan Statistical Area";1;0;1;1;1;1;1;1;1;1
42820;"Selma, AL Micropolitan Statistical Area";1;1;1;1;1;0;0;0;0;0
42860;"Seneca, SC Micropolitan Statistical Area";0;0;0;0;0;1;1;1;1;1
42900;"Seneca Falls, NY Micropolitan Statistical Area";0;0;0;0;0;0;0;1;1;1
42940;"Sevierville, TN Micropolitan Statistical Area";1;1;1;3;3;3;2;2;1;1
42980;"Seymour, IN Micropolitan Statistical Area";1;0;0;0;0;1;1;1;1;1
43060;"Shawnee, OK Micropolitan Statistical Area";4;4;4;4;4;4;4;4;4;4
43140;"Shelby, NC Micropolitan Statistical Area";2;2;2;2;2;1;1;1;1;1
43180;"Shelbyville, TN Micropolitan Statistical Area";1;1;1;0;0;0;0;1;1;1
43220;"Shelton, WA Micropolitan Statistical Area";0;0;1;1;1;1;1;2;1;1
43260;"Sheridan, WY Micropolitan Statistical Area";1;1;1;1;1;1;1;1;1;1
43320;"Show Low, AZ Micropolitan Statistical Area";2;2;2;2;3;3;2;3;3;3
43380;"Sidney, OH Micropolitan Statistical Area";2;2;2;2;2;2;2;0;0;0
43420;"Sierra Vista-Douglas, AZ Micropolitan Statistical Area";4;4;6;4;4;4;3;2;2;2
43460;"Sikeston, MO Micropolitan Statistical Area";1;1;1;1;1;1;1;1;1;1
43500;"Silver City, NM Micropolitan Statistical Area";2;2;1;1;1;1;1;1;1;1
43540;"Silverthorne, CO Micropolitan Statistical Area";2;2;3;3;3;2;2;2;2;1
43660;"Snyder, TX Micropolitan Statistical Area";1;1;1;1;1;1;1;1;1;1
43700;"Somerset, KY Micropolitan Statistical Area";0;0;0;0;1;1;1;2;2;2
43740;"Somerset, PA Micropolitan Statistical Area";1;1;1;1;1;1;1;0;0;0
43860;"Southern Pines-Pinehurst, NC Micropolitan Statistical Area";2;2;2;2;1;3;2;2;1;1
43940;"Spearfish, SD Micropolitan Statistical Area";1;1;1;1;1;1;1;1;1;1
43980;"Spencer, IA Micropolitan Statistical Area";1;1;1;1;2;2;2;2;2;2
44020;"Spirit Lake, IA Micropolitan Statistical Area";1;1;1;2;2;2;2;2;2;2
44260;"Starkville, MS Micropolitan Statistical Area";1;1;0;0;0;0;0;0;0;0
44340;"Statesboro, GA Micropolitan Statistical Area";1;1;1;1;1;1;1;1;1;1
44380;"Statesville-Mooresville, NC Micropolitan Statistical Area";2;1;1;1;1;1;2;2;3;2
44420;"Staunton-Waynesboro, VA Micropolitan Statistical Area";3;3;3;3;4;3;4;3;4;3
44500;"Stephenville, TX Micropolitan Statistical Area";1;1;1;1;1;1;1;1;1;1
44540;"Sterling, CO Micropolitan Statistical Area";1;1;1;0;0;0;0;0;1;1
44580;"Sterling, IL Micropolitan Statistical Area";2;2;1;1;2;2;2;1;1;1
44620;"Stevens Point, WI Micropolitan Statistical Area";2;0;1;1;1;1;1;1;1;1
44660;"Stillwater, OK Micropolitan Statistical Area";2;2;2;2;2;2;2;2;2;2
44740;"Storm Lake, IA Micropolitan Statistical Area";1;1;1;1;1;1;1;1;1;1
44780;"Sturgis, MI Micropolitan Statistical Area";2;2;2;2;2;2;2;2;2;2
44860;"Sulphur Springs, TX Micropolitan Statistical Area";0;0;0;0;1;1;1;1;1;0
44900;"Summerville, GA Micropolitan Statistical Area";0;0;0;0;0;0;0;0;0;0
44980;"Sunbury, PA Micropolitan Statistical Area";2;1;2;1;1;1;1;1;0;0
45000;"Susanville, CA Micropolitan Statistical Area";2;2;2;2;2;2;2;2;2;2
45020;"Sweetwater, TX Micropolitan Statistical Area";0;0;0;0;0;0;0;0;0;0
45140;"Tahlequah, OK Micropolitan Statistical Area";0;0;1;1;1;1;1;1;1;1
45180;"Talladega-Sylacauga, AL Micropolitan Statistical Area";2;1;1;1;1;1;1;1;1;1
45260;"Tallulah, LA Micropolitan Statistical Area";0;0;0;0;0;0;0;0;0;0
45340;"Taos, NM Micropolitan Statistical Area";2;2;2;2;1;1;1;1;1;1
45380;"Taylorville, IL Micropolitan Statistical Area";2;2;2;2;2;2;2;2;1;2
45520;"The Dalles, OR Micropolitan Statistical Area";1;1;2;2;2;2;2;1;1;1
45580;"Thomaston, GA Micropolitan Statistical Area";0;0;1;1;1;1;1;1;1;1
45620;"Thomasville, GA Micropolitan Statistical Area";1;1;1;1;1;1;1;1;1;1
45640;"Thomasville-Lexington, NC Micropolitan Statistical Area";1;1;1;1;1;1;1;1;1;1
45660;"Tiffin, OH Micropolitan Statistical Area";2;2;2;0;0;0;0;0;1;1
45700;"Tifton, GA Micropolitan Statistical Area";1;1;1;1;1;1;1;1;1;1
45740;"Toccoa, GA Micropolitan Statistical Area";1;1;1;1;1;1;1;1;1;1
45860;"Torrington, CT Micropolitan Statistical Area";5;5;5;5;5;5;5;7;6;5
45900;"Traverse City, MI Micropolitan Statistical Area";4;4;4;5;6;4;4;4;5;5
45980;"Troy, AL Micropolitan Statistical Area";2;2;1;1;1;1;1;1;1;1
46020;"Truckee-Grass Valley, CA Micropolitan Statistical Area";4;4;6;5;3;3;3;4;4;4
46100;"Tullahoma, TN Micropolitan Statistical Area";1;1;1;1;1;1;1;3;3;3
46180;"Tupelo, MS Micropolitan Statistical Area";2;2;3;2;2;2;2;2;2;2
46260;"Tuskegee, AL Micropolitan Statistical Area";0;0;0;0;0;0;0;0;0;0
46300;"Twin Falls, ID Micropolitan Statistical Area";5;5;4;3;3;3;3;3;3;3
46380;"Ukiah, CA Micropolitan Statistical Area";3;3;3;3;3;3;4;3;2;2
46420;"Union, SC Micropolitan Statistical Area";0;0;0;0;0;0;0;0;0;0
46460;"Union City, TN-KY Micropolitan Statistical Area";1;1;1;1;1;1;1;1;1;1
46500;"Urbana, OH Micropolitan Statistical Area";1;1;1;1;1;1;1;1;1;1
46620;"Uvalde, TX Micropolitan Statistical Area";1;1;0;1;0;0;0;0;0;0
46740;"Valley, AL Micropolitan Statistical Area";0;0;0;0;0;0;0;0;0;0
46780;"Van Wert, OH Micropolitan Statistical Area";1;1;1;1;1;1;1;1;1;1
46820;"Vermillion, SD Micropolitan Statistical Area";0;0;0;0;0;0;0;0;0;0
46860;"Vernal, UT Micropolitan Statistical Area";1;1;1;1;1;1;1;2;2;2
46900;"Vernon, TX Micropolitan Statistical Area";0;0;0;0;0;0;0;1;1;1
46980;"Vicksburg, MS Micropolitan Statistical Area";1;1;1;1;0;0;0;0;0;1
47080;"Vidalia, GA Micropolitan Statistical Area";2;2;2;2;2;0;0;0;0;0
47180;"Vincennes, IN Micropolitan Statistical Area";2;2;2;2;1;1;1;1;1;1
47340;"Wabash, IN Micropolitan Statistical Area";1;1;1;1;1;1;1;0;0;0
47420;"Wahpeton, ND-MN Micropolitan Statistical Area";1;1;1;1;1;1;1;1;1;1
47460;"Walla Walla, WA Micropolitan Statistical Area";0;0;1;1;1;1;1;1;2;1
47500;"Walterboro, SC Micropolitan Statistical Area";1;1;1;1;1;1;1;1;1;1
47540;"Wapakoneta, OH Micropolitan Statistical Area";0;0;0;0;0;0;0;0;0;0
47620;"Warren, PA Micropolitan Statistical Area";1;0;1;1;1;1;1;1;1;1
47660;"Warrensburg, MO Micropolitan Statistical Area";1;1;1;1;1;1;1;1;1;1
47700;"Warsaw, IN Micropolitan Statistical Area";4;4;3;3;2;2;2;2;2;2
47780;"Washington, IN Micropolitan Statistical Area";1;1;1;1;1;1;1;1;1;1
47820;"Washington, NC Micropolitan Statistical Area";1;1;1;1;1;1;1;1;1;1
47920;"Washington Court House, OH Micropolitan Statistical Area";0;0;0;0;0;0;0;0;0;0
47980;"Watertown, SD Micropolitan Statistical Area";1;1;1;1;1;1;1;1;1;1
48020;"Watertown-Fort Atkinson, WI Micropolitan Statistical Area";1;1;1;2;2;2;2;2;2;2
48060;"Watertown-Fort Drum, NY Micropolitan Statistical Area";1;1;1;2;1;2;1;1;1;1
48100;"Wauchula, FL Micropolitan Statistical Area";0;0;0;0;0;0;0;0;0;0
48180;"Waycross, GA Micropolitan Statistical Area";1;1;1;1;1;1;1;1;1;1
48460;"West Plains, MO Micropolitan Statistical Area";2;2;2;2;2;2;2;3;3;3
48500;"West Point, MS Micropolitan Statistical Area";0;0;0;0;0;0;0;0;0;0
48580;"Whitewater, WI Micropolitan Statistical Area";1;2;2;2;5;5;5;2;2;3
48740;"Willimantic, CT Micropolitan Statistical Area";2;2;0;0;1;2;1;0;0;1
48780;"Williston, ND Micropolitan Statistical Area";1;1;1;1;1;1;1;2;2;2
48820;"Willmar, MN Micropolitan Statistical Area";1;2;2;2;2;2;3;2;2;2
48940;"Wilmington, OH Micropolitan Statistical Area";2;2;2;2;3;2;2;2;2;2
48980;"Wilson, NC Micropolitan Statistical Area";3;3;3;3;3;2;3;2;2;2
49060;"Winfield, KS Micropolitan Statistical Area";2;2;2;2;3;1;1;1;1;1
49100;"Winona, MN Micropolitan Statistical Area";1;1;1;1;1;1;1;1;1;1
49260;"Woodward, OK Micropolitan Statistical Area";1;1;1;1;1;0;1;2;1;1
49300;"Wooster, OH Micropolitan Statistical Area";3;3;2;2;2;3;2;3;3;2
49380;"Worthington, MN Micropolitan Statistical Area";1;1;1;1;1;1;1;1;1;1
49460;"Yankton, SD Micropolitan Statistical Area";1;1;1;1;1;1;1;1;1;1
49540;"Yazoo City, MS Micropolitan Statistical Area";1;1;1;1;1;1;1;1;1;1
49780;"Zanesville, OH Micropolitan Statistical Area";1;1;1;1;1;1;1;0;1;1
